Time_Min,Voltage(V),Current(A),Resistance(Ohm),Power(kW),Temp(C),Temp_Rise(C),Calculated_Energy(kWh),Tuya_Raw_Energy(kWh)
0.0,230.0,8,28.75,1.84,29,0,0.0,3.42
0.02,230.0,8,28.75,1.84,29,0,0.0007,3.42
0.05,230.0,8,28.75,1.84,29,0,0.0014,3.42
0.07,230.0,8,28.75,1.84,29,0,0.0021,3.42
0.09,230.0,8,28.75,1.84,29,0,0.0028,3.42
0.11,230.0,8,28.75,1.84,29,0,0.0034,3.42
0.13,230.0,8,28.75,1.84,29,0,0.0041,3.42
0.16,230.0,8,28.75,1.84,29,0,0.0048,3.42
0.18,230.0,8,28.75,1.84,29,0,0.0055,3.42
0.2,230.0,8,28.75,1.84,29,0,0.0062,3.42
0.22,230.0,8,28.75,1.84,29,0,0.0068,3.42
0.25,230.0,8,28.75,1.84,29,0,0.0075,3.42
0.27,230.0,8,28.75,1.84,29,0,0.0082,3.42
0.29,230.0,8,28.75,1.84,29,0,0.0089,3.42
0.31,230.0,8,28.75,1.84,29,0,0.0096,3.42
0.33,230.0,8,28.75,1.84,29,0,0.0102,3.42
0.36,230.0,8,28.75,1.84,29,0,0.0109,3.42
0.38,230.0,8,28.75,1.84,29,0,0.0116,3.42
0.4,230.0,8,28.75,1.84,29,0,0.0123,3.42
0.42,230.0,8,28.75,1.84,29,0,0.013,3.42
0.44,230.0,8,28.75,1.84,29,0,0.0136,3.42
0.47,230.0,8,28.75,1.84,29,0,0.0143,3.42
0.49,230.0,8,28.75,1.84,29,0,0.015,3.42
0.51,230.0,8,28.75,1.84,29,0,0.0157,3.42
0.53,230.0,8,28.75,1.84,29,0,0.0164,3.42
0.56,230.0,8,28.75,1.84,29,0,0.017,3.42
0.58,230.0,8,28.75,1.84,29,0,0.0177,3.42
0.6,230.0,8,28.75,1.84,29,0,0.0184,3.42
0.63,230.0,8,28.75,1.84,29,0,0.0192,3.42
0.65,230.0,8,28.75,1.84,29,0,0.0199,3.42
0.67,230.0,8,28.75,1.84,29,0,0.0206,3.42
0.69,230.0,8,28.75,1.84,29,0,0.0213,3.42
0.72,230.0,8,28.75,1.84,29,0,0.022,3.42
0.74,230.0,8,28.75,1.84,29,0,0.0226,3.42
0.76,230.0,8,28.75,1.84,29,0,0.0233,3.42
0.78,230.0,8,28.75,1.84,29,0,0.024,3.42
0.81,230.0,8,28.75,1.84,29,0,0.0247,3.42
0.83,230.0,8,28.75,1.84,29,0,0.0254,3.42
0.85,230.0,8,28.75,1.84,29,0,0.026,3.42
0.87,230.0,8,28.75,1.84,29,0,0.0267,3.42
0.89,230.0,8,28.75,1.84,29,0,0.0274,3.42
0.92,230.0,8,28.75,1.84,29,0,0.0281,3.42
0.94,230.0,8,28.75,1.84,29,0,0.0288,3.42
0.96,230.0,8,28.75,1.84,29,0,0.0295,3.42
0.98,230.0,8,28.75,1.84,29,0,0.0301,3.42
1.0,230.0,8,28.75,1.84,29,0,0.0308,3.42
1.03,230.0,8,28.75,1.84,29,0,0.0315,3.42
1.05,230.0,8,28.75,1.84,29,0,0.0322,3.42
1.07,230.0,8,28.75,1.84,29,0,0.0329,3.42
1.09,230.0,8,28.75,1.84,29,0,0.0335,3.42
1.12,230.0,8,28.75,1.84,29,0,0.0342,3.42
1.14,230.0,8,28.75,1.84,29,0,0.0349,3.42
1.16,230.0,8,28.75,1.84,29,0,0.0356,3.42
1.18,230.0,8,28.75,1.84,29,0,0.0363,3.42
1.2,230.0,8,28.75,1.84,29,0,0.0369,3.42
1.23,230.0,8,28.75,1.84,29,0,0.0376,3.42
1.25,230.0,8,28.75,1.84,29,0,0.0383,3.42
1.27,230.0,8,28.75,1.84,29,0,0.039,3.42
1.29,230.0,8,28.75,1.84,29,0,0.0397,3.42
1.32,230.0,8,28.75,1.84,29,0,0.0403,3.42
1.34,230.0,8,28.75,1.84,29,0,0.041,3.42
1.36,230.0,8,28.75,1.84,29,0,0.0417,3.42
1.38,230.0,8,28.75,1.84,29,0,0.0424,3.42
1.4,230.0,8,28.75,1.84,29,0,0.0431,3.42
1.43,230.0,8,28.75,1.84,29,0,0.0437,3.42
1.45,230.0,8,28.75,1.84,29,0,0.0444,3.42
1.47,230.0,8,28.75,1.84,29,0,0.0451,3.42
1.49,230.0,8,28.75,1.84,29,0,0.0458,3.42
1.52,230.0,8,28.75,1.84,29,0,0.0465,3.42
1.54,230.0,8,28.75,1.84,29,0,0.0471,3.42
1.56,230.0,8,28.75,1.84,29,0,0.0478,3.42
1.58,230.0,8,28.75,1.84,29,0,0.0485,3.42
1.6,230.0,8,28.75,1.84,29,0,0.0492,3.42
1.63,230.0,8,28.75,1.84,29,0,0.0499,3.42
1.65,230.0,8,28.75,1.84,29,0,0.0505,3.42
1.67,230.0,8,28.75,1.84,29,0,0.0512,3.42
1.69,230.0,8,28.75,1.84,29,0,0.0519,3.42
1.71,230.0,8,28.75,1.84,29,0,0.0526,3.42
1.74,230.0,8,28.75,1.84,29,0,0.0533,3.42
1.76,230.0,8,28.75,1.84,29,0,0.0539,3.42
1.78,230.0,8,28.75,1.84,29,0,0.0546,3.42
1.8,230.0,8,28.75,1.84,29,0,0.0553,3.42
1.83,230.0,8,28.75,1.84,29,0,0.056,3.42
1.85,230.0,8,28.75,1.84,29,0,0.0567,3.42
1.87,230.0,8,28.75,1.84,29,0,0.0573,3.42
1.89,230.0,8,28.75,1.84,29,0,0.058,3.42
1.91,230.0,8,28.75,1.84,29,0,0.0587,3.42
1.94,230.0,8,28.75,1.84,29,0,0.0594,3.42
1.96,230.0,8,28.75,1.84,29,0,0.0601,3.42
1.98,230.0,8,28.75,1.84,29,0,0.0608,3.42
2.0,230.0,8,28.75,1.84,29,0,0.0614,3.42
2.03,230.0,8,28.75,1.84,29,0,0.0621,3.42
2.05,230.0,8,28.75,1.84,29,0,0.0628,3.42
2.07,230.0,8,28.75,1.84,29,0,0.0635,3.42
2.09,230.0,8,28.75,1.84,29,0,0.0642,3.42
2.11,230.0,8,28.75,1.84,29,0,0.0648,3.42
2.14,230.0,8,28.75,1.84,29,0,0.0655,3.42
2.16,230.0,8,28.75,1.84,29,0,0.0662,3.42
2.18,230.0,8,28.75,1.84,29,0,0.0669,3.42
2.2,230.0,8,28.75,1.84,29,0,0.0676,3.42
2.23,230.0,8,28.75,1.84,29,0,0.0682,3.42
2.25,230.0,8,28.75,1.84,29,0,0.0689,3.42
2.27,230.0,8,28.75,1.84,29,0,0.0696,3.42
2.29,230.0,8,28.75,1.84,29,0,0.0703,3.42
2.31,230.0,8,28.75,1.84,29,0,0.071,3.42
2.34,230.0,8,28.75,1.84,29,0,0.0716,3.42
2.36,230.0,8,28.75,1.84,29,0,0.0723,3.42
2.38,230.0,8,28.75,1.84,29,0,0.073,3.42
2.4,230.0,8,28.75,1.84,29,0,0.0737,3.42
2.42,230.0,8,28.75,1.84,29,0,0.0744,3.42
2.45,230.0,8,28.75,1.84,29,0,0.075,3.42
2.47,230.0,8,28.75,1.84,29,0,0.0757,3.42
2.49,230.0,8,28.75,1.84,29,0,0.0764,3.42
2.51,230.0,8,28.75,1.84,29,0,0.0771,3.42
2.54,230.0,8,28.75,1.84,29,0,0.0778,3.42
2.56,230.0,8,28.75,1.84,29,0,0.0784,3.42
2.58,230.0,8,28.75,1.84,29,0,0.0791,3.42
2.6,230.0,8,28.75,1.84,29,0,0.0798,3.42
2.62,230.0,8,28.75,1.84,29,0,0.0805,3.42
2.65,230.0,8,28.75,1.84,29,0,0.0812,3.42
2.67,230.0,8,28.75,1.84,29,0,0.0818,3.42
2.69,230.0,8,28.75,1.84,29,0,0.0825,3.42
2.71,230.0,8,28.75,1.84,29,0,0.0832,3.42
2.74,230.0,8,28.75,1.84,29,0,0.0839,3.42
2.76,230.0,8,28.75,1.84,29,0,0.0846,3.42
2.78,230.0,8,28.75,1.84,29,0,0.0853,3.42
2.8,230.0,8,28.75,1.84,29,0,0.086,3.42
2.83,230.0,8,28.75,1.84,29,0,0.0867,3.42
2.85,230.0,8,28.75,1.84,29,0,0.0873,3.42
2.87,230.0,8,28.75,1.84,29,0,0.088,3.42
2.89,230.0,8,28.75,1.84,29,0,0.0887,3.42
2.91,230.0,8,28.75,1.84,29,0,0.0894,3.42
2.94,230.0,8,28.75,1.84,29,0,0.0901,3.42
2.96,230.0,8,28.75,1.84,29,0,0.0907,3.42
2.98,230.0,8,28.75,1.84,29,0,0.0914,3.42
3.0,230.0,8,28.75,1.84,29,0,0.0921,3.42
3.03,230.0,8,28.75,1.84,29,0,0.0928,3.42
3.05,230.0,8,28.75,1.84,29,0,0.0935,3.42
3.07,230.0,8,28.75,1.84,29,0,0.0941,3.42
3.09,230.0,8,28.75,1.84,29,0,0.0948,3.42
3.11,230.0,8,28.75,1.84,29,0,0.0955,3.42
3.14,230.0,8,28.75,1.84,29,0,0.0962,3.42
3.16,230.0,8,28.75,1.84,29,0,0.0969,3.42
3.18,230.0,8,28.75,1.84,29,0,0.0975,3.42
3.2,230.0,8,28.75,1.84,29,0,0.0982,3.42
3.22,230.0,8,28.75,1.84,29,0,0.0989,3.42
3.25,230.0,8,28.75,1.84,29,0,0.0995,3.42
3.27,230.0,8,28.75,1.84,29,0,0.1002,3.42
3.29,230.0,8,28.75,1.84,29,0,0.1009,3.42
3.31,230.0,8,28.75,1.84,29,0,0.1016,3.42
3.33,230.0,8,28.75,1.84,29,0,0.1023,3.42
3.36,230.0,8,28.75,1.84,29,0,0.1029,3.42
3.38,230.0,8,28.75,1.84,29,0,0.1036,3.42
3.4,230.0,8,28.75,1.84,29,0,0.1043,3.42
3.42,230.0,8,28.75,1.84,29,0,0.105,3.42
3.45,230.0,8,28.75,1.84,29,0,0.1057,3.42
3.47,230.0,8,28.75,1.84,29,0,0.1063,3.42
3.49,230.0,8,28.75,1.84,29,0,0.107,3.42
3.51,230.0,8,28.75,1.84,29,0,0.1077,3.42
3.53,230.0,8,28.75,1.84,29,0,0.1084,3.42
3.56,230.0,8,28.75,1.84,29,0,0.1091,3.42
3.58,230.0,8,28.75,1.84,29,0,0.1097,3.42
3.6,230.0,8,28.75,1.84,29,0,0.1105,3.42
3.63,230.0,8,28.75,1.84,29,0,0.1112,3.42
3.65,230.0,8,28.75,1.84,29,0,0.1119,3.42
3.67,230.0,8,28.75,1.84,29,0,0.1126,3.42
3.69,230.0,8,28.75,1.84,29,0,0.1132,3.42
3.71,230.0,8,28.75,1.84,29,0,0.1139,3.42
3.74,230.0,8,28.75,1.84,29,0,0.1146,3.42
3.76,230.0,8,28.75,1.84,29,0,0.1153,3.42
3.78,230.0,8,28.75,1.84,29,0,0.116,3.42
3.81,230.0,8,28.75,1.84,29,0,0.1167,3.42
3.83,230.0,8,28.75,1.84,29,0,0.1174,3.42
3.85,230.0,8,28.75,1.84,29,0,0.1181,3.42
3.87,230.0,8,28.75,1.84,29,0,0.1188,3.42
3.9,230.0,8,28.75,1.84,29,0,0.1195,3.42
3.92,230.0,8,28.75,1.84,29,0,0.1202,3.42
3.94,230.0,8,28.75,1.84,29,0,0.1208,3.42
3.96,230.0,8,28.75,1.84,29,0,0.1215,3.42
3.98,230.0,8,28.75,1.84,29,0,0.1222,3.42
4.01,230.0,8,28.75,1.84,29,0,0.1229,3.42
4.03,230.0,8,28.75,1.84,29,0,0.1236,3.42
4.05,230.0,8,28.75,1.84,29,0,0.1243,3.42
4.08,230.0,8,28.75,1.84,29,0,0.125,3.42
4.1,230.0,8,28.75,1.84,29,0,0.1256,3.42
4.12,230.0,8,28.75,1.84,29,0,0.1263,3.42
4.14,230.0,8,28.75,1.84,29,0,0.127,3.42
4.16,230.0,8,28.75,1.84,29,0,0.1277,3.42
4.19,230.0,8,28.75,1.84,29,0,0.1284,3.42
4.21,230.0,8,28.75,1.84,29,0,0.1291,3.42
4.23,230.0,8,28.75,1.84,29,0,0.1298,3.42
4.25,230.0,8,28.75,1.84,29,0,0.1305,3.42
4.28,230.0,8,28.75,1.84,29,0,0.1311,3.42
4.3,230.0,8,28.75,1.84,29,0,0.1319,3.42
4.32,230.0,8,28.75,1.84,29,0,0.1325,3.42
4.34,230.0,8,28.75,1.84,29,0,0.1332,3.42
4.37,230.0,8,28.75,1.84,29,0,0.1339,3.42
4.39,230.0,8,28.75,1.84,29,0,0.1345,3.42
4.41,230.0,8,28.75,1.84,29,0,0.1353,3.42
4.43,230.0,8,28.75,1.84,29,0,0.136,3.42
4.46,230.0,8,28.75,1.84,29,0,0.1366,3.42
4.48,230.0,8,28.75,1.84,29,0,0.1373,3.42
4.5,230.0,8,28.75,1.84,29,0,0.138,3.42
4.52,230.0,8,28.75,1.84,29,0,0.1387,3.42
4.55,230.0,8,28.75,1.84,29,0,0.1394,3.42
4.57,230.0,8,28.75,1.84,29,0,0.1401,3.42
4.59,230.0,8,28.75,1.84,29,0,0.1408,3.42
4.61,230.0,8,28.75,1.84,29,0,0.1415,3.42
4.63,230.0,8,28.75,1.84,29,0,0.1421,3.42
4.66,230.0,8,28.75,1.84,29,0,0.1428,3.42
4.68,230.0,8,28.75,1.84,29,0,0.1435,3.42
4.7,230.0,8,28.75,1.84,29,0,0.1442,3.42
4.72,230.0,8,28.75,1.84,29,0,0.1449,3.42
4.75,230.0,8,28.75,1.84,29,0,0.1455,3.42
4.77,230.0,8,28.75,1.84,29,0,0.1462,3.42
4.79,230.0,8,28.75,1.84,29,0,0.1469,3.42
4.81,230.0,8,28.75,1.84,29,0,0.1476,3.42
4.83,230.0,8,28.75,1.84,29,0,0.1483,3.42
4.86,230.0,8,28.75,1.84,29,0,0.1489,3.42
4.88,230.0,8,28.75,1.84,29,0,0.1496,3.42
4.9,230.0,8,28.75,1.84,29,0,0.1503,3.42
4.92,230.0,8,28.75,1.84,29,0,0.151,3.42
4.95,230.0,8,28.75,1.84,29,0,0.1517,3.42
4.97,230.0,8,28.75,1.84,29,0,0.1523,3.42
4.99,230.0,8,28.75,1.84,29,0,0.153,3.42
5.01,230.0,8,28.75,1.84,29,0,0.1537,3.42
5.03,230.0,8,28.75,1.84,29,0,0.1544,3.42
5.06,230.0,8,28.75,1.84,29,0,0.1551,3.42
5.08,230.0,8,28.75,1.84,29,0,0.1557,3.42
5.1,230.0,8,28.75,1.84,29,0,0.1565,3.42
5.12,230.0,8,28.75,1.84,29,0,0.1572,3.42
5.15,230.0,8,28.75,1.84,29,0,0.1578,3.42
5.17,230.0,8,28.75,1.84,29,0,0.1586,3.42
5.19,230.0,8,28.75,1.84,29,0,0.1593,3.42
5.22,230.0,8,28.75,1.84,29,0,0.1599,3.42
5.24,230.0,8,28.75,1.84,29,0,0.1606,3.42
5.26,230.0,8,28.75,1.84,29,0,0.1613,3.42
5.28,230.0,8,28.75,1.84,29,0,0.162,3.42
5.3,230.0,8,28.75,1.84,29,0,0.1627,3.42
5.33,230.0,8,28.75,1.84,29,0,0.1633,3.42
5.35,230.0,8,28.75,1.84,29,0,0.164,3.42
5.37,230.0,8,28.75,1.84,29,0,0.1647,3.42
5.39,230.0,8,28.75,1.84,29,0,0.1654,3.42
5.41,230.0,8,28.75,1.84,29,0,0.1661,3.42
5.44,230.0,8,28.75,1.84,29,0,0.1667,3.42
5.46,230.0,8,28.75,1.84,29,0,0.1674,3.42
5.48,230.0,8,28.75,1.84,29,0,0.1681,3.42
5.5,230.0,8,28.75,1.84,29,0,0.1688,3.42
5.53,230.0,8,28.75,1.84,29,0,0.1695,3.42
5.55,230.0,8,28.75,1.84,29,0,0.1701,3.42
5.57,230.0,8,28.75,1.84,29,0,0.1708,3.42
5.59,230.0,8,28.75,1.84,29,0,0.1715,3.42
5.61,230.0,8,28.75,1.84,29,0,0.1722,3.42
5.64,230.0,8,28.75,1.84,29,0,0.1729,3.42
5.66,230.0,8,28.75,1.84,29,0,0.1735,3.42
5.68,230.0,8,28.75,1.84,29,0,0.1742,3.42
5.7,230.0,8,28.75,1.84,29,0,0.1749,3.42
5.73,230.0,8,28.75,1.84,29,0,0.1756,3.42
5.75,230.0,8,28.75,1.84,29,0,0.1763,3.42
5.77,230.0,8,28.75,1.84,29,0,0.1769,3.42
5.79,230.0,8,28.75,1.84,29,0,0.1776,3.42
5.81,230.0,8,28.75,1.84,29,0,0.1783,3.42
5.84,230.0,8,28.75,1.84,29,0,0.179,3.42
5.86,230.0,8,28.75,1.84,29,0,0.1798,3.42
5.89,230.0,8,28.75,1.84,29,0,0.1805,3.42
5.91,230.0,8,28.75,1.84,29,0,0.1812,3.42
5.93,230.0,8,28.75,1.84,29,0,0.182,3.42
5.96,230.0,8,28.75,1.84,29,0,0.1828,3.42
5.98,230.0,8,28.75,1.84,29,0,0.1835,3.42
6.01,230.0,8,28.75,1.84,29,0,0.1842,3.42
6.03,230.0,8,28.75,1.84,29,0,0.185,3.42
6.05,230.0,8,28.75,1.84,29,0,0.1856,3.42
6.08,230.0,8,28.75,1.84,29,0,0.1863,3.42
6.1,230.0,8,28.75,1.84,29,0,0.187,3.42
6.12,230.0,8,28.75,1.84,29,0,0.1877,3.42
6.15,230.0,8,28.75,1.84,29,0,0.1884,3.42
6.17,230.0,8,28.75,1.84,29,0,0.1891,3.42
6.19,230.0,8,28.75,1.84,29,0,0.1899,3.42
6.21,230.0,8,28.75,1.84,29,0,0.1906,3.42
6.24,230.0,8,28.75,1.84,29,0,0.1912,3.42
6.26,230.0,8,28.75,1.84,29,0,0.192,3.42
6.28,230.0,8,28.75,1.84,29,0,0.1926,3.42
6.3,230.0,8,28.75,1.84,29,0,0.1933,3.42
6.33,230.0,8,28.75,1.84,29,0,0.194,3.42
6.35,230.0,8,28.75,1.84,29,0,0.1947,3.42
6.37,230.0,8,28.75,1.84,29,0,0.1954,3.42
6.39,230.0,8,28.75,1.84,29,0,0.196,3.42
6.42,230.0,8,28.75,1.84,29,0,0.1967,3.42
6.44,230.0,8,28.75,1.84,29,0,0.1974,3.42
6.46,230.0,8,28.75,1.84,29,0,0.1981,3.42
6.48,230.0,8,28.75,1.84,29,0,0.1988,3.42
6.5,230.0,8,28.75,1.84,29,0,0.1994,3.42
6.53,230.0,8,28.75,1.84,29,0,0.2001,3.42
6.55,230.0,8,28.75,1.84,29,0,0.2008,3.42
6.57,230.0,8,28.75,1.84,29,0,0.2015,3.42
6.59,230.0,8,28.75,1.84,29,0,0.2022,3.42
6.61,230.0,8,28.75,1.84,29,0,0.2029,3.42
6.64,230.0,8,28.75,1.84,29,0,0.2035,3.42
6.66,230.0,8,28.75,1.84,29,0,0.2042,3.42
6.68,230.0,8,28.75,1.84,29,0,0.2049,3.42
6.7,230.0,8,28.75,1.84,29,0,0.2056,3.42
6.73,230.0,8,28.75,1.84,29,0,0.2063,3.42
6.75,230.0,8,28.75,1.84,29,0,0.2069,3.42
6.77,230.0,8,28.75,1.84,29,0,0.2076,3.42
6.79,230.0,8,28.75,1.84,29,0,0.2083,3.42
6.81,230.0,8,28.75,1.84,29,0,0.209,3.42
6.84,230.0,8,28.75,1.84,29,0,0.2097,3.42
6.86,230.0,8,28.75,1.84,29,0,0.2103,3.42
6.88,230.0,8,28.75,1.84,29,0,0.211,3.42
6.9,230.0,8,28.75,1.84,29,0,0.2117,3.42
6.93,230.0,8,28.75,1.84,29,0,0.2124,3.42
6.95,230.0,8,28.75,1.84,29,0,0.2131,3.42
6.97,230.0,8,28.75,1.84,29,0,0.2137,3.42
6.99,230.0,8,28.75,1.84,29,0,0.2144,3.42
7.01,230.0,8,28.75,1.84,29,0,0.2151,3.42
7.04,230.0,8,28.75,1.84,29,0,0.2158,3.42
7.06,230.0,8,28.75,1.84,29,0,0.2165,3.42
7.08,230.0,8,28.75,1.84,29,0,0.2171,3.42
7.1,230.0,8,28.75,1.84,29,0,0.2178,3.42
7.12,230.0,8,28.75,1.84,29,0,0.2185,3.42
7.15,230.0,8,28.75,1.84,29,0,0.2192,3.42
7.17,230.0,8,28.75,1.84,29,0,0.2199,3.42
7.19,230.0,8,28.75,1.84,29,0,0.2206,3.42
7.22,230.0,8,28.75,1.84,29,0,0.2213,3.42
7.24,230.0,8,28.75,1.84,29,0,0.222,3.42
7.26,230.0,8,28.75,1.84,29,0,0.2226,3.42
7.28,230.0,8,28.75,1.84,29,0,0.2233,3.42
7.31,230.0,8,28.75,1.84,29,0,0.224,3.42
7.33,230.0,8,28.75,1.84,29,0,0.2247,3.42
7.35,230.0,8,28.75,1.84,29,0,0.2254,3.42
7.37,230.0,8,28.75,1.84,29,0,0.2261,3.42
7.39,230.0,8,28.75,1.84,29,0,0.2268,3.42
7.42,230.0,8,28.75,1.84,29,0,0.2274,3.42
7.44,230.0,8,28.75,1.84,29,0,0.2281,3.42
7.46,230.0,8,28.75,1.84,29,0,0.2288,3.42
7.48,230.0,8,28.75,1.84,29,0,0.2295,3.42
7.51,230.0,8,28.75,1.84,29,0,0.2302,3.42
7.53,230.0,8,28.75,1.84,29,0,0.2309,3.42
7.55,230.0,8,28.75,1.84,29,0,0.2315,3.42
7.57,230.0,8,28.75,1.84,29,0,0.2322,3.42
7.59,230.0,8,28.75,1.84,29,0,0.2329,3.42
7.62,230.0,8,28.75,1.84,29,0,0.2336,3.42
7.64,230.0,8,28.75,1.84,29,0,0.2343,3.42
7.66,230.0,8,28.75,1.84,29,0,0.2349,3.42
7.68,230.0,8,28.75,1.84,29,0,0.2356,3.42
7.71,230.0,8,28.75,1.84,29,0,0.2363,3.42
7.73,230.0,8,28.75,1.84,29,0,0.237,3.42
7.75,230.0,8,28.75,1.84,29,0,0.2377,3.42
7.77,230.0,8,28.75,1.84,29,0,0.2383,3.42
7.79,230.0,8,28.75,1.84,29,0,0.239,3.42
7.82,230.0,8,28.75,1.84,29,0,0.2397,3.42
7.84,230.0,8,28.75,1.84,29,0,0.2404,3.42
7.86,230.0,8,28.75,1.84,29,0,0.2411,3.42
7.88,230.0,8,28.75,1.84,29,0,0.2417,3.42
7.91,230.0,8,28.75,1.84,29,0,0.2425,3.42
7.93,230.0,8,28.75,1.84,29,0,0.2432,3.42
7.95,230.0,8,28.75,1.84,29,0,0.2438,3.42
7.97,230.0,8,28.75,1.84,29,0,0.2445,3.42
8.0,230.0,8,28.75,1.84,29,0,0.2452,3.42
8.02,230.0,8,28.75,1.84,29,0,0.2459,3.42
8.04,230.0,8,28.75,1.84,29,0,0.2466,3.42
8.06,230.0,8,28.75,1.84,29,0,0.2472,3.42
8.08,230.0,8,28.75,1.84,29,0,0.2479,3.42
8.11,230.0,8,28.75,1.84,29,0,0.2486,3.42
8.13,230.0,8,28.75,1.84,29,0,0.2493,3.42
8.15,230.0,8,28.75,1.84,29,0,0.25,3.42
8.17,230.0,8,28.75,1.84,29,0,0.2506,3.42
8.2,230.0,8,28.75,1.84,29,0,0.2514,3.42
8.22,230.0,8,28.75,1.84,29,0,0.2521,3.42
8.24,230.0,8,28.75,1.84,29,0,0.2527,3.42
8.26,230.0,8,28.75,1.84,29,0,0.2534,3.42
8.29,230.0,8,28.75,1.84,29,0,0.2541,3.42
8.31,230.0,8,28.75,1.84,29,0,0.2548,3.42
8.33,230.0,8,28.75,1.84,29,0,0.2555,3.42
8.35,230.0,8,28.75,1.84,29,0,0.2561,3.42
8.38,230.0,8,28.75,1.84,29,0,0.2568,3.42
8.4,230.0,8,28.75,1.84,29,0,0.2575,3.42
8.42,230.0,8,28.75,1.84,29,0,0.2582,3.42
8.44,230.0,8,28.75,1.84,29,0,0.2589,3.42
8.46,230.0,8,28.75,1.84,29,0,0.2595,3.42
8.49,230.0,8,28.75,1.84,29,0,0.2602,3.42
8.51,230.0,8,28.75,1.84,29,0,0.2609,3.42
8.53,230.0,8,28.75,1.84,29,0,0.2616,3.42
8.55,230.0,8,28.75,1.84,29,0,0.2623,3.42
8.57,230.0,8,28.75,1.84,29,0,0.2629,3.42
8.6,230.0,8,28.75,1.84,29,0,0.2636,3.42
8.62,230.0,8,28.75,1.84,29,0,0.2643,3.42
8.64,230.0,8,28.75,1.84,29,0,0.265,3.42
8.66,230.0,8,28.75,1.84,29,0,0.2657,3.42
8.68,230.0,8,28.75,1.84,29,0,0.2663,3.42
8.71,230.0,8,28.75,1.84,29,0,0.267,3.42
8.73,230.0,8,28.75,1.84,29,0,0.2677,3.42
8.75,230.0,8,28.75,1.84,29,0,0.2684,3.42
8.77,230.0,8,28.75,1.84,29,0,0.2691,3.42
8.8,230.0,8,28.75,1.84,29,0,0.2697,3.42
8.82,230.0,8,28.75,1.84,29,0,0.2704,3.42
8.84,230.0,8,28.75,1.84,29,0,0.2711,3.42
8.86,230.0,8,28.75,1.84,29,0,0.2718,3.42
8.88,230.0,8,28.75,1.84,29,0,0.2725,3.42
8.91,230.0,8,28.75,1.84,29,0,0.2731,3.42
8.93,230.0,8,28.75,1.84,29,0,0.2738,3.42
8.95,230.0,8,28.75,1.84,29,0,0.2745,3.42
8.97,230.0,8,28.75,1.84,29,0,0.2752,3.42
9.0,230.0,8,28.75,1.84,29,0,0.2759,3.42
9.02,230.0,8,28.75,1.84,29,0,0.2765,3.42
9.04,230.0,8,28.75,1.84,29,0,0.2772,3.42
9.06,230.0,8,28.75,1.84,29,0,0.2779,3.42
9.08,230.0,8,28.75,1.84,29,0,0.2786,3.42
9.11,230.0,8,28.75,1.84,29,0,0.2793,3.42
9.13,230.0,8,28.75,1.84,29,0,0.2799,3.42
9.15,230.0,8,28.75,1.84,29,0,0.2806,3.42
9.17,230.0,8,28.75,1.84,29,0,0.2813,3.42
9.2,230.0,8,28.75,1.84,29,0,0.282,3.42
9.22,230.0,8,28.75,1.84,29,0,0.2827,3.42
9.24,230.0,8,28.75,1.84,29,0,0.2833,3.42
9.26,230.0,8,28.75,1.84,29,0,0.284,3.42
9.28,230.0,8,28.75,1.84,29,0,0.2847,3.42
9.31,230.0,8,28.75,1.84,29,0,0.2854,3.42
9.33,230.0,8,28.75,1.84,29,0,0.2861,3.42
9.35,230.0,8,28.75,1.84,29,0,0.2868,3.42
9.37,230.0,8,28.75,1.84,29,0,0.2874,3.42
9.39,230.0,8,28.75,1.84,29,0,0.2881,3.42
9.42,230.0,8,28.75,1.84,29,0,0.2888,3.42
9.44,230.0,8,28.75,1.84,29,0,0.2895,3.42
9.46,230.0,8,28.75,1.84,29,0,0.2902,3.42
9.49,230.0,8,28.75,1.84,29,0,0.2909,3.42
9.51,230.0,8,28.75,1.84,29,0,0.2916,3.42
9.53,230.0,8,28.75,1.84,29,0,0.2922,3.42
9.55,230.0,8,28.75,1.84,29,0,0.2929,3.42
9.57,230.0,8,28.75,1.84,29,0,0.2936,3.42
9.6,230.0,8,28.75,1.84,29,0,0.2943,3.42
9.62,230.0,8,28.75,1.84,29,0,0.295,3.42
9.64,230.0,8,28.75,1.84,29,0,0.2956,3.42
9.66,230.0,8,28.75,1.84,29,0,0.2963,3.42
9.69,230.0,8,28.75,1.84,29,0,0.297,3.42
9.71,230.0,8,28.75,1.84,29,0,0.2977,3.42
9.73,230.0,8,28.75,1.84,29,0,0.2984,3.42
9.75,230.0,8,28.75,1.84,29,0,0.2991,3.42
9.77,230.0,8,28.75,1.84,29,0,0.2997,3.42
9.8,230.0,8,28.75,1.84,29,0,0.3004,3.42
9.82,230.0,8,28.75,1.84,29,0,0.3011,3.42
9.84,230.0,8,28.75,1.84,29,0,0.3018,3.42
9.86,230.0,8,28.75,1.84,29,0,0.3025,3.42
9.88,230.0,8,28.75,1.84,29,0,0.3031,3.42
9.91,230.0,8,28.75,1.84,29,0,0.3038,3.42
9.93,230.0,8,28.75,1.84,29,0,0.3045,3.42
9.95,230.0,8,28.75,1.84,29,0,0.3052,3.42
9.97,230.0,8,28.75,1.84,29,0,0.3059,3.42
10.0,230.0,8,28.75,1.84,29,0,0.3065,3.42
10.02,230.0,8,28.75,1.84,29,0,0.3072,3.42
10.04,230.0,8,28.75,1.84,29,0,0.3079,3.42
10.06,230.0,8,28.75,1.84,29,0,0.3086,3.42
10.09,230.0,8,28.75,1.84,29,0,0.3093,3.42
10.11,230.0,8,28.75,1.84,29,0,0.31,3.42
10.13,230.0,8,28.75,1.84,29,0,0.3107,3.42
10.15,230.0,8,28.75,1.84,29,0,0.3114,3.42
10.17,230.0,8,28.75,1.84,29,0,0.312,3.42
10.2,230.0,8,28.75,1.84,29,0,0.3127,3.42
10.22,230.0,8,28.75,1.84,29,0,0.3134,3.42
10.24,230.0,8,28.75,1.84,29,0,0.3141,3.42
10.26,230.0,8,28.75,1.84,29,0,0.3148,3.42
10.29,230.0,8,28.75,1.84,29,0,0.3154,3.42
10.31,230.0,8,28.75,1.84,29,0,0.3161,3.42
10.33,230.0,8,28.75,1.84,29,0,0.3168,3.42
10.35,230.0,8,28.75,1.84,29,0,0.3175,3.42
10.37,230.0,8,28.75,1.84,29,0,0.3182,3.42
10.4,230.0,8,28.75,1.84,29,0,0.3188,3.42
10.42,230.0,8,28.75,1.84,29,0,0.3196,3.42
10.44,230.0,8,28.75,1.84,29,0,0.3203,3.42
10.47,230.0,8,28.75,1.84,29,0,0.321,3.42
10.49,230.0,8,28.75,1.84,29,0,0.3217,3.42
10.51,230.0,8,28.75,1.84,29,0,0.3223,3.42
10.53,230.0,8,28.75,1.84,29,0,0.323,3.42
10.56,230.0,8,28.75,1.84,29,0,0.3238,3.42
10.58,230.0,8,28.75,1.84,29,0,0.3244,3.42
10.6,230.0,8,28.75,1.84,29,0,0.3251,3.42
10.62,230.0,8,28.75,1.84,29,0,0.3258,3.42
10.65,230.0,8,28.75,1.84,29,0,0.3265,3.42
10.67,230.0,8,28.75,1.84,29,0,0.3273,3.42
10.7,230.0,8,28.75,1.84,29,0,0.3281,3.42
10.72,230.0,8,28.75,1.84,29,0,0.3288,3.42
10.74,230.0,8,28.75,1.84,29,0,0.3295,3.42
10.77,230.0,8,28.75,1.84,29,0,0.3302,3.42
10.79,230.0,8,28.75,1.84,29,0,0.3309,3.42
10.81,230.0,8,28.75,1.84,29,0,0.3316,3.42
10.83,230.0,8,28.75,1.84,29,0,0.3322,3.42
10.86,230.0,8,28.75,1.84,29,0,0.3329,3.42
10.88,230.0,8,28.75,1.84,29,0,0.3336,3.42
10.9,230.0,8,28.75,1.84,29,0,0.3343,3.42
10.92,230.0,8,28.75,1.84,29,0,0.335,3.42
10.94,230.0,8,28.75,1.84,29,0,0.3356,3.42
10.97,230.0,8,28.75,1.84,29,0,0.3363,3.42
10.99,230.0,8,28.75,1.84,29,0,0.337,3.42
11.01,230.0,8,28.75,1.84,29,0,0.3377,3.42
11.03,230.0,8,28.75,1.84,29,0,0.3384,3.42
11.06,230.0,8,28.75,1.84,29,0,0.339,3.42
11.08,230.0,8,28.75,1.84,29,0,0.3397,3.42
11.1,230.0,8,28.75,1.84,29,0,0.3404,3.42
11.12,230.0,8,28.75,1.84,29,0,0.3411,3.42
11.14,230.0,8,28.75,1.84,29,0,0.3418,3.42
11.17,230.0,8,28.75,1.84,29,0,0.3425,3.42
11.19,230.0,8,28.75,1.84,29,0,0.3432,3.42
11.21,230.0,8,28.75,1.84,29,0,0.3439,3.42
11.23,230.0,8,28.75,1.84,29,0,0.3445,3.42
11.26,230.0,8,28.75,1.84,29,0,0.3452,3.42
11.28,230.0,8,28.75,1.84,29,0,0.3459,3.42
11.3,230.0,8,28.75,1.84,29,0,0.3466,3.42
11.32,230.0,8,28.75,1.84,29,0,0.3473,3.42
11.35,230.0,8,28.75,1.84,29,0,0.3479,3.42
11.37,230.0,8,28.75,1.84,29,0,0.3486,3.42
11.39,230.0,8,28.75,1.84,29,0,0.3493,3.42
11.41,230.0,8,28.75,1.84,29,0,0.35,3.42
11.44,230.0,8,28.75,1.84,29,0,0.3507,3.42
11.46,230.0,8,28.75,1.84,29,0,0.3514,3.42
11.48,230.0,8,28.75,1.84,29,0,0.3521,3.42
11.5,230.0,8,28.75,1.84,29,0,0.3527,3.42
11.53,230.0,8,28.75,1.84,29,0,0.3534,3.42
11.55,230.0,8,28.75,1.84,29,0,0.3541,3.42
11.57,230.0,8,28.75,1.84,29,0,0.3548,3.42
11.59,230.0,8,28.75,1.84,29,0,0.3555,3.42
11.61,230.0,8,28.75,1.84,29,0,0.3562,3.42
11.64,230.0,8,28.75,1.84,29,0,0.3568,3.42
11.66,230.0,8,28.75,1.84,29,0,0.3575,3.42
11.68,230.0,8,28.75,1.84,29,0,0.3582,3.42
11.7,230.0,8,28.75,1.84,29,0,0.3589,3.42
11.72,230.0,8,28.75,1.84,29,0,0.3596,3.42
11.75,230.0,8,28.75,1.84,29,0,0.3602,3.42
11.77,230.0,8,28.75,1.84,29,0,0.3609,3.42
11.79,230.0,8,28.75,1.84,29,0,0.3616,3.42
11.81,230.0,8,28.75,1.84,29,0,0.3623,3.42
11.84,230.0,8,28.75,1.84,29,0,0.363,3.42
11.86,230.0,8,28.75,1.84,29,0,0.3636,3.42
11.88,230.0,8,28.75,1.84,29,0,0.3643,3.42
11.9,230.0,8,28.75,1.84,29,0,0.365,3.42
11.92,230.0,8,28.75,1.84,29,0,0.3657,3.42
11.95,230.0,8,28.75,1.84,29,0,0.3664,3.42
11.97,230.0,8,28.75,1.84,29,0,0.367,3.42
11.99,230.0,8,28.75,1.84,29,0,0.3677,3.42
12.01,230.0,8,28.75,1.84,29,0,0.3684,3.42
12.04,230.0,8,28.75,1.84,29,0,0.3691,3.42
12.06,230.0,8,28.75,1.84,29,0,0.3698,3.42
12.08,230.0,8,28.75,1.84,29,0,0.3704,3.42
12.1,230.0,8,28.75,1.84,29,0,0.3711,3.42
12.12,230.0,8,28.75,1.84,29,0,0.3718,3.42
12.15,230.0,8,28.75,1.84,29,0,0.3725,3.42
12.17,230.0,8,28.75,1.84,29,0,0.3732,3.42
12.19,230.0,8,28.75,1.84,29,0,0.3738,3.42
12.21,230.0,8,28.75,1.84,29,0,0.3745,3.42
12.23,230.0,8,28.75,1.84,29,0,0.3751,3.42
12.26,230.0,8,28.75,1.84,29,0,0.3758,3.42
12.28,230.0,8,28.75,1.84,29,0,0.3765,3.42
12.3,230.0,8,28.75,1.84,29,0,0.3772,3.42
12.32,230.0,8,28.75,1.84,29,0,0.3779,3.42
12.34,230.0,8,28.75,1.84,29,0,0.3786,3.42
12.37,230.0,8,28.75,1.84,29,0,0.3792,3.42
12.39,230.0,8,28.75,1.84,29,0,0.3799,3.42
12.41,230.0,8,28.75,1.84,29,0,0.3806,3.42
12.43,230.0,8,28.75,1.84,29,0,0.3813,3.42
12.46,230.0,8,28.75,1.84,29,0,0.382,3.42
12.48,230.0,8,28.75,1.84,29,0,0.3826,3.42
12.5,230.0,8,28.75,1.84,29,0,0.3833,3.42
12.52,230.0,8,28.75,1.84,29,0,0.384,3.42
12.55,230.0,8,28.75,1.84,29,0,0.3847,3.42
12.57,230.0,8,28.75,1.84,29,0,0.3854,3.42
12.59,230.0,8,28.75,1.84,29,0,0.3861,3.42
12.61,230.0,8,28.75,1.84,29,0,0.3868,3.42
12.63,230.0,8,28.75,1.84,29,0,0.3874,3.42
12.66,230.0,8,28.75,1.84,29,0,0.3881,3.42
12.68,230.0,8,28.75,1.84,29,0,0.3888,3.42
12.7,230.0,8,28.75,1.84,29,0,0.3895,3.42
12.72,230.0,8,28.75,1.84,29,0,0.3902,3.42
12.75,230.0,8,28.75,1.84,29,0,0.3909,3.42
12.77,230.0,8,28.75,1.84,29,0,0.3915,3.42
12.79,230.0,8,28.75,1.84,29,0,0.3922,3.42
12.81,230.0,8,28.75,1.84,29,0,0.3929,3.42
12.83,230.0,8,28.75,1.84,29,0,0.3936,3.42
12.86,230.0,8,28.75,1.84,29,0,0.3943,3.42
12.88,230.0,8,28.75,1.84,29,0,0.3949,3.42
12.9,230.0,8,28.75,1.84,29,0,0.3956,3.42
12.92,230.0,8,28.75,1.84,29,0,0.3963,3.42
12.94,230.0,8,28.75,1.84,29,0,0.397,3.42
12.97,230.0,8,28.75,1.84,29,0,0.3977,3.42
12.99,230.0,8,28.75,1.84,29,0,0.3983,3.42
13.01,230.0,8,28.75,1.84,29,0,0.399,3.42
13.03,230.0,8,28.75,1.84,29,0,0.3997,3.42
13.06,230.0,8,28.75,1.84,29,0,0.4004,3.42
13.08,230.0,8,28.75,1.84,29,0,0.4011,3.42
13.1,230.0,8,28.75,1.84,29,0,0.4017,3.42
13.12,230.0,8,28.75,1.84,29,0,0.4025,3.42
13.15,230.0,8,28.75,1.84,29,0,0.4032,3.42
13.17,230.0,8,28.75,1.84,29,0,0.4039,3.42
13.19,230.0,8,28.75,1.84,29,0,0.4046,3.42
13.21,230.0,8,28.75,1.84,29,0,0.4052,3.42
13.24,230.0,8,28.75,1.84,29,0,0.406,3.42
13.26,230.0,8,28.75,1.84,29,0,0.4067,3.42
13.29,230.0,8,28.75,1.84,29,0,0.4074,3.42
13.31,230.0,8,28.75,1.84,29,0,0.4081,3.42
13.33,230.0,8,28.75,1.84,29,0,0.4088,3.42
13.35,230.0,8,28.75,1.84,29,0,0.4095,3.42
13.37,230.0,8,28.75,1.84,29,0,0.4102,3.42
13.4,230.0,8,28.75,1.84,29,0,0.4108,3.42
13.42,230.0,8,28.75,1.84,29,0,0.4115,3.42
13.44,230.0,8,28.75,1.84,29,0,0.4122,3.42
13.46,230.0,8,28.75,1.84,29,0,0.4129,3.42
13.49,230.0,8,28.75,1.84,29,0,0.4136,3.42
13.51,230.0,8,28.75,1.84,29,0,0.4142,3.42
13.53,230.0,8,28.75,1.84,29,0,0.4149,3.42
13.55,230.0,8,28.75,1.84,29,0,0.4156,3.42
13.57,230.0,8,28.75,1.84,29,0,0.4163,3.42
13.6,230.0,8,28.75,1.84,29,0,0.417,3.42
13.62,230.0,8,28.75,1.84,29,0,0.4177,3.42
13.64,230.0,8,28.75,1.84,29,0,0.4183,3.42
13.66,230.0,8,28.75,1.84,29,0,0.419,3.42
13.69,230.0,8,28.75,1.84,29,0,0.4197,3.42
13.71,230.0,8,28.75,1.84,29,0,0.4204,3.42
13.73,230.0,8,28.75,1.84,29,0,0.4211,3.42
13.75,230.0,8,28.75,1.84,29,0,0.4217,3.42
13.77,230.0,8,28.75,1.84,29,0,0.4224,3.42
13.8,230.0,8,28.75,1.84,29,0,0.4231,3.42
13.82,230.0,8,28.75,1.84,29,0,0.4238,3.42
13.84,230.0,8,28.75,1.84,29,0,0.4245,3.42
13.86,230.0,8,28.75,1.84,29,0,0.4251,3.42
13.89,230.0,8,28.75,1.84,29,0,0.4258,3.42
13.91,230.0,8,28.75,1.84,29,0,0.4265,3.42
13.93,230.0,8,28.75,1.84,29,0,0.4272,3.42
13.95,230.0,8,28.75,1.84,29,0,0.4279,3.42
13.97,230.0,8,28.75,1.84,29,0,0.4285,3.42
14.0,230.0,8,28.75,1.84,29,0,0.4292,3.42
14.02,230.0,8,28.75,1.84,29,0,0.4299,3.42
14.04,230.0,8,28.75,1.84,29,0,0.4306,3.42
14.06,230.0,8,28.75,1.84,29,0,0.4313,3.42
14.09,230.0,8,28.75,1.84,29,0,0.4319,3.42
14.11,230.0,8,28.75,1.84,29,0,0.4326,3.42
14.13,230.0,8,28.75,1.84,29,0,0.4333,3.42
14.15,230.0,8,28.75,1.84,29,0,0.434,3.42
14.17,230.0,8,28.75,1.84,29,0,0.4347,3.42
14.2,230.0,8,28.75,1.84,29,0,0.4353,3.42
14.22,230.0,8,28.75,1.84,29,0,0.436,3.42
14.24,230.0,8,28.75,1.84,29,0,0.4367,3.42
14.26,230.0,8,28.75,1.84,29,0,0.4374,3.42
14.28,230.0,8,28.75,1.84,29,0,0.4381,3.42
14.31,230.0,8,28.75,1.84,29,0,0.4387,3.42
14.33,230.0,8,28.75,1.84,29,0,0.4394,3.42
14.35,230.0,8,28.75,1.84,29,0,0.4402,3.42
14.38,230.0,8,28.75,1.84,29,0,0.4408,3.42
14.4,230.0,8,28.75,1.84,29,0,0.4415,3.42
14.42,230.0,8,28.75,1.84,29,0,0.4422,3.42
14.44,230.0,8,28.75,1.84,29,0,0.4429,3.42
14.46,230.0,8,28.75,1.84,29,0,0.4436,3.42
14.49,230.0,8,28.75,1.84,29,0,0.4442,3.42
14.51,230.0,8,28.75,1.84,29,0,0.4449,3.42
14.53,230.0,8,28.75,1.84,29,0,0.4456,3.42
14.55,230.0,8,28.75,1.84,29,0,0.4463,3.42
14.57,230.0,8,28.75,1.84,29,0,0.447,3.42
14.6,230.0,8,28.75,1.84,29,0,0.4476,3.42
14.62,230.0,8,28.75,1.84,29,0,0.4483,3.42
14.64,230.0,8,28.75,1.84,29,0,0.449,3.42
14.66,230.0,8,28.75,1.84,29,0,0.4497,3.42
14.69,230.0,8,28.75,1.84,29,0,0.4504,3.42
14.71,230.0,8,28.75,1.84,29,0,0.4511,3.42
14.73,230.0,8,28.75,1.84,29,0,0.4518,3.42
14.75,230.0,8,28.75,1.84,29,0,0.4525,3.42
14.78,230.0,8,28.75,1.84,29,0,0.4531,3.42
14.8,230.0,8,28.75,1.84,29,0,0.4538,3.42
14.82,230.0,8,28.75,1.84,29,0,0.4545,3.42
14.84,230.0,8,28.75,1.84,29,0,0.4552,3.42
14.86,230.0,8,28.75,1.84,29,0,0.4559,3.42
14.89,230.0,8,28.75,1.84,29,0,0.4565,3.42
14.91,230.0,8,28.75,1.84,29,0,0.4572,3.42
14.93,230.0,8,28.75,1.84,29,0,0.4579,3.42
14.95,230.0,8,28.75,1.84,29,0,0.4586,3.42
14.98,230.0,8,28.75,1.84,29,0,0.4593,3.42
15.0,230.0,8,28.75,1.84,29,0,0.46,3.42
15.02,230.0,8,28.75,1.84,29,0,0.4607,3.42
15.04,230.0,8,28.75,1.84,29,0,0.4614,3.42
15.07,230.0,8,28.75,1.84,29,0,0.462,3.42
15.09,230.0,8,28.75,1.84,29,0,0.4628,3.42
15.11,230.0,8,28.75,1.84,29,0,0.4634,3.42
15.13,230.0,8,28.75,1.84,29,0,0.4641,3.42
15.16,230.0,8,28.75,1.84,29,0,0.4648,3.42
15.18,230.0,8,28.75,1.84,29,0,0.4654,3.42
15.2,230.0,8,28.75,1.84,29,0,0.4661,3.42
15.22,230.0,8,28.75,1.84,29,0,0.4668,3.42
15.24,230.0,8,28.75,1.84,29,0,0.4675,3.42
15.27,230.0,8,28.75,1.84,29,0,0.4682,3.42
15.29,230.0,8,28.75,1.84,29,0,0.4688,3.42
15.31,230.0,8,28.75,1.84,29,0,0.4695,3.42
15.33,230.0,8,28.75,1.84,29,0,0.4702,3.42
15.35,230.0,8,28.75,1.84,29,0,0.4709,3.42
15.38,230.0,8,28.75,1.84,29,0,0.4716,3.42
15.4,230.0,8,28.75,1.84,29,0,0.4722,3.42
15.42,230.0,8,28.75,1.84,29,0,0.4729,3.42
15.44,230.0,8,28.75,1.84,29,0,0.4736,3.42
15.47,230.0,8,28.75,1.84,29,0,0.4743,3.42
15.49,230.0,8,28.75,1.84,29,0,0.475,3.42
15.51,230.0,8,28.75,1.84,29,0,0.4756,3.42
15.53,230.0,8,28.75,1.84,29,0,0.4763,3.42
15.55,230.0,8,28.75,1.84,29,0,0.477,3.42
15.58,230.0,8,28.75,1.84,29,0,0.4777,3.42
15.6,230.0,8,28.75,1.84,29,0,0.4784,3.42
15.62,230.0,8,28.75,1.84,29,0,0.479,3.42
15.64,230.0,8,28.75,1.84,29,0,0.4797,3.42
15.67,230.0,8,28.75,1.84,29,0,0.4804,3.42
15.69,230.0,8,28.75,1.84,29,0,0.4811,3.42
15.71,230.0,8,28.75,1.84,29,0,0.4818,3.42
15.73,230.0,8,28.75,1.84,29,0,0.4824,3.42
15.75,230.0,8,28.75,1.84,29,0,0.4831,3.42
15.78,230.0,8,28.75,1.84,29,0,0.4838,3.42
15.8,230.0,8,28.75,1.84,29,0,0.4845,3.42
15.82,230.0,8,28.75,1.84,29,0,0.4852,3.42
15.84,230.0,8,28.75,1.84,29,0,0.4858,3.42
15.86,230.0,8,28.75,1.84,29,0,0.4865,3.42
15.89,230.0,8,28.75,1.84,29,0,0.4872,3.42
15.91,230.0,8,28.75,1.84,29,0,0.4879,3.42
15.93,230.0,8,28.75,1.84,29,0,0.4886,3.42
15.95,230.0,8,28.75,1.84,29,0,0.4892,3.42
15.98,230.0,8,28.75,1.84,29,0,0.4899,3.42
16.0,230.0,8,28.75,1.84,29,0,0.4906,3.42
16.02,230.0,8,28.75,1.84,29,0,0.4913,3.42
16.04,230.0,8,28.75,1.84,29,0,0.492,3.42
16.07,230.0,8,28.75,1.84,29,0,0.4927,3.42
16.09,230.0,8,28.75,1.84,29,0,0.4934,3.42
16.11,230.0,8,28.75,1.84,29,0,0.4941,3.42
16.13,230.0,8,28.75,1.84,29,0,0.4947,3.42
16.16,230.0,8,28.75,1.84,29,0,0.4954,3.42
16.18,230.0,8,28.75,1.84,29,0,0.4961,3.42
16.2,230.0,8,28.75,1.84,29,0,0.4968,3.42
16.22,230.0,8,28.75,1.84,29,0,0.4975,3.42
16.24,230.0,8,28.75,1.84,29,0,0.4981,3.42
16.27,230.0,8,28.75,1.84,29,0,0.4988,3.42
16.29,230.0,8,28.75,1.84,29,0,0.4995,3.42
16.31,230.0,8,28.75,1.84,29,0,0.5002,3.42
16.33,230.0,8,28.75,1.84,29,0,0.5009,3.42
16.35,230.0,8,28.75,1.84,29,0,0.5015,3.42
16.38,230.0,8,28.75,1.84,29,0,0.5022,3.42
16.4,230.0,8,28.75,1.84,29,0,0.5029,3.42
16.42,230.0,8,28.75,1.84,29,0,0.5036,3.42
16.44,230.0,8,28.75,1.84,29,0,0.5043,3.42
16.47,230.0,8,28.75,1.84,29,0,0.505,3.42
16.49,230.0,8,28.75,1.84,29,0,0.5057,3.42
16.51,230.0,8,28.75,1.84,29,0,0.5064,3.42
16.54,230.0,8,28.75,1.84,29,0,0.5071,3.42
16.56,230.0,8,28.75,1.84,29,0,0.5078,3.42
16.58,230.0,8,28.75,1.84,29,0,0.5085,3.42
16.6,230.0,8,28.75,1.84,29,0,0.5092,3.42
16.63,230.0,8,28.75,1.84,29,0,0.5099,3.42
16.65,230.0,8,28.75,1.84,29,0,0.5105,3.42
16.67,230.0,8,28.75,1.84,29,0,0.5112,3.42
16.69,230.0,8,28.75,1.84,29,0,0.512,3.42
16.72,230.0,8,28.75,1.84,29,0,0.5126,3.42
16.74,230.0,8,28.75,1.84,29,0,0.5133,3.42
16.76,230.0,8,28.75,1.84,29,0,0.514,3.42
16.78,230.0,8,28.75,1.84,29,0,0.5147,3.42
16.81,230.0,8,28.75,1.84,29,0,0.5154,3.42
16.83,230.0,8,28.75,1.84,29,0,0.516,3.42
16.85,230.0,8,28.75,1.84,29,0,0.5167,3.42
16.87,230.0,8,28.75,1.84,29,0,0.5174,3.42
16.89,230.0,8,28.75,1.84,29,0,0.5181,3.42
16.92,230.0,8,28.75,1.84,29,0,0.5188,3.42
16.94,230.0,8,28.75,1.84,29,0,0.5194,3.42
16.96,230.0,8,28.75,1.84,29,0,0.5201,3.42
16.98,230.0,8,28.75,1.84,29,0,0.5208,3.42
17.01,230.0,8,28.75,1.84,29,0,0.5215,3.42
17.03,230.0,8,28.75,1.84,29,0,0.5222,3.42
17.05,230.0,8,28.75,1.84,29,0,0.5229,3.42
17.07,230.0,8,28.75,1.84,29,0,0.5235,3.42
17.09,230.0,8,28.75,1.84,29,0,0.5242,3.42
17.12,230.0,8,28.75,1.84,29,0,0.5249,3.42
17.14,230.0,8,28.75,1.84,29,0,0.5256,3.42
17.16,230.0,8,28.75,1.84,29,0,0.5263,3.42
17.18,230.0,8,28.75,1.84,29,0,0.527,3.42
17.21,230.0,8,28.75,1.84,29,0,0.5277,3.42
17.23,230.0,8,28.75,1.84,29,0,0.5283,3.42
17.25,230.0,8,28.75,1.84,29,0,0.529,3.42
17.27,230.0,8,28.75,1.84,29,0,0.5297,3.42
17.3,230.0,8,28.75,1.84,29,0,0.5304,3.42
17.32,230.0,8,28.75,1.84,29,0,0.5311,3.42
17.34,230.0,8,28.75,1.84,29,0,0.5317,3.42
17.36,230.0,8,28.75,1.84,29,0,0.5324,3.42
17.38,230.0,8,28.75,1.84,29,0,0.5331,3.42
17.41,230.0,8,28.75,1.84,29,0,0.5338,3.42
17.43,230.0,8,28.75,1.84,29,0,0.5345,3.42
17.45,230.0,8,28.75,1.84,29,0,0.5352,3.42
17.47,230.0,8,28.75,1.84,29,0,0.5358,3.42
17.49,230.0,8,28.75,1.84,29,0,0.5365,3.42
17.52,230.0,8,28.75,1.84,29,0,0.5372,3.42
17.54,230.0,8,28.75,1.84,29,0,0.538,3.42
17.57,230.0,8,28.75,1.84,29,0,0.539,3.42
17.6,230.0,8,28.75,1.84,29,0,0.5397,3.42
17.62,230.0,8,28.75,1.84,29,0,0.5403,3.42
17.64,230.0,8,28.75,1.84,29,0,0.5411,3.42
17.67,230.0,8,28.75,1.84,29,0,0.5418,3.42
17.69,230.0,8,28.75,1.84,29,0,0.5425,3.42
17.71,230.0,8,28.75,1.84,29,0,0.5432,3.42
17.73,230.0,8,28.75,1.84,29,0,0.5438,3.42
17.76,230.0,8,28.75,1.84,29,0,0.5445,3.42
17.78,230.0,8,28.75,1.84,29,0,0.5452,3.42
17.8,230.0,8,28.75,1.84,29,0,0.5459,3.42
17.82,230.0,8,28.75,1.84,29,0,0.5466,3.42
17.84,230.0,8,28.75,1.84,29,0,0.5472,3.42
17.87,230.0,8,28.75,1.84,29,0,0.5479,3.42
17.89,230.0,8,28.75,1.84,29,0,0.5486,3.42
17.91,230.0,8,28.75,1.84,29,0,0.5493,3.42
17.93,230.0,8,28.75,1.84,29,0,0.55,3.42
17.96,230.0,8,28.75,1.84,29,0,0.5506,3.42
17.98,230.0,8,28.75,1.84,29,0,0.5513,3.42
18.0,230.0,8,28.75,1.84,29,0,0.552,3.42
18.02,230.0,8,28.75,1.84,29,0,0.5527,3.42
18.04,230.0,8,28.75,1.84,29,0,0.5534,3.42
18.07,230.0,8,28.75,1.84,29,0,0.554,3.42
18.09,230.0,8,28.75,1.84,29,0,0.5547,3.42
18.11,230.0,8,28.75,1.84,29,0,0.5554,3.42
18.13,230.0,8,28.75,1.84,29,0,0.5561,3.42
18.16,230.0,8,28.75,1.84,29,0,0.5568,3.42
18.18,230.0,8,28.75,1.84,29,0,0.5574,3.42
18.2,230.0,8,28.75,1.84,29,0,0.5581,3.42
18.22,230.0,8,28.75,1.84,29,0,0.5588,3.42
18.24,230.0,8,28.75,1.84,29,0,0.5595,3.42
18.27,230.0,8,28.75,1.84,29,0,0.5602,3.42
18.29,230.0,8,28.75,1.84,29,0,0.5609,3.42
18.31,230.0,8,28.75,1.84,29,0,0.5615,3.42
18.33,230.0,8,28.75,1.84,29,0,0.5622,3.42
18.36,230.0,8,28.75,1.84,29,0,0.5629,3.42
18.38,230.0,8,28.75,1.84,29,0,0.5636,3.42
18.4,230.0,8,28.75,1.84,29,0,0.5642,3.42
18.42,230.0,8,28.75,1.84,29,0,0.5649,3.42
18.44,230.0,8,28.75,1.84,29,0,0.5656,3.42
18.47,230.0,8,28.75,1.84,29,0,0.5663,3.42
18.49,230.0,8,28.75,1.84,29,0,0.567,3.42
18.51,230.0,8,28.75,1.84,29,0,0.5677,3.42
18.53,230.0,8,28.75,1.84,29,0,0.5683,3.42
18.55,230.0,8,28.75,1.84,29,0,0.569,3.42
18.58,230.0,8,28.75,1.84,29,0,0.5697,3.42
18.6,230.0,8,28.75,1.84,29,0,0.5704,3.42
18.62,230.0,8,28.75,1.84,29,0,0.571,3.42
18.64,230.0,8,28.75,1.84,29,0,0.5717,3.42
18.67,230.0,8,28.75,1.84,29,0,0.5724,3.42
18.69,230.0,8,28.75,1.84,29,0,0.5731,3.42
18.71,230.0,8,28.75,1.84,29,0,0.5738,3.42
18.73,230.0,8,28.75,1.84,29,0,0.5745,3.42
18.76,230.0,8,28.75,1.84,29,0,0.5752,3.42
18.78,230.0,8,28.75,1.84,29,0,0.5759,3.42
18.8,230.0,8,28.75,1.84,29,0,0.5766,3.42
18.82,230.0,8,28.75,1.84,29,0,0.5772,3.42
18.84,230.0,8,28.75,1.84,29,0,0.5779,3.42
18.87,230.0,8,28.75,1.84,29,0,0.5785,3.42
18.89,230.0,8,28.75,1.84,29,0,0.5792,3.42
18.91,230.0,8,28.75,1.84,29,0,0.5799,3.42
18.93,230.0,8,28.75,1.84,29,0,0.5806,3.42
18.95,230.0,8,28.75,1.84,29,0,0.5813,3.42
18.98,230.0,8,28.75,1.84,29,0,0.5819,3.42
19.0,230.0,8,28.75,1.84,29,0,0.5826,3.42
19.02,230.0,8,28.75,1.84,29,0,0.5833,3.42
19.04,230.0,8,28.75,1.84,29,0,0.584,3.42
19.07,230.0,8,28.75,1.84,29,0,0.5847,3.42
19.09,230.0,8,28.75,1.84,29,0,0.5854,3.42
19.11,230.0,8,28.75,1.84,29,0,0.5862,3.42
19.14,230.0,8,28.75,1.84,29,0,0.5869,3.42
19.16,230.0,8,28.75,1.84,29,0,0.5876,3.42
19.19,230.0,8,28.75,1.84,29,0,0.5884,3.42
19.21,230.0,8,28.75,1.84,29,0,0.5891,3.42
19.23,230.0,8,28.75,1.84,29,0,0.5898,3.42
19.26,230.0,8,28.75,1.84,29,0,0.5905,3.42
19.28,230.0,8,28.75,1.84,29,0,0.5912,3.42
19.3,230.0,8,28.75,1.84,29,0,0.5919,3.42
19.32,230.0,8,28.75,1.84,29,0,0.5926,3.42
19.34,230.0,8,28.75,1.84,29,0,0.5932,3.42
19.37,230.0,8,28.75,1.84,29,0,0.5939,3.42
19.39,230.0,8,28.75,1.84,29,0,0.5946,3.42
19.41,230.0,8,28.75,1.84,29,0,0.5953,3.42
19.43,230.0,8,28.75,1.84,29,0,0.596,3.42
19.46,230.0,8,28.75,1.84,29,0,0.5966,3.42
19.48,230.0,8,28.75,1.84,29,0,0.5973,3.42
19.5,230.0,8,28.75,1.84,29,0,0.598,3.42
19.52,230.0,8,28.75,1.84,29,0,0.5987,3.42
19.55,230.0,8,28.75,1.84,29,0,0.5995,3.42
19.58,230.0,8,28.75,1.84,29,0,0.6003,3.42
19.6,230.0,8,28.75,1.84,29,0,0.601,3.42
19.62,230.0,8,28.75,1.84,29,0,0.6017,3.42
19.64,230.0,8,28.75,1.84,29,0,0.6024,3.42
19.66,230.0,8,28.75,1.84,29,0,0.603,3.42
19.69,230.0,8,28.75,1.84,29,0,0.6037,3.42
19.71,230.0,8,28.75,1.84,29,0,0.6044,3.42
19.73,230.0,8,28.75,1.84,29,0,0.6051,3.42
19.75,230.0,8,28.75,1.84,29,0,0.6058,3.42
19.78,230.0,8,28.75,1.84,29,0,0.6064,3.42
19.8,230.0,8,28.75,1.84,29,0,0.6071,3.42
19.82,230.0,8,28.75,1.84,29,0,0.6078,3.42
19.84,230.0,8,28.75,1.84,29,0,0.6085,3.42
19.86,230.0,8,28.75,1.84,29,0,0.6092,3.42
19.89,230.0,8,28.75,1.84,29,0,0.6098,3.42
19.91,230.0,8,28.75,1.84,29,0,0.6105,3.42
19.93,230.0,8,28.75,1.84,29,0,0.6112,3.42
19.95,230.0,8,28.75,1.84,29,0,0.6119,3.42
19.97,230.0,8,28.75,1.84,29,0,0.6126,3.42
20.0,230.0,8,28.75,1.84,29,0,0.6132,3.42
20.02,230.0,8,28.75,1.84,29,0,0.6139,3.42
20.04,230.0,8,28.75,1.84,29,0,0.6146,3.42
20.06,230.0,8,28.75,1.84,29,0,0.6153,3.42
20.09,230.0,8,28.75,1.84,29,0,0.616,3.42
20.11,230.0,8,28.75,1.84,29,0,0.6167,3.42
20.13,230.0,8,28.75,1.84,29,0,0.6174,3.42
20.15,230.0,8,28.75,1.84,29,0,0.6181,3.42
20.18,230.0,8,28.75,1.84,29,0,0.6187,3.42
20.2,230.0,8,28.75,1.84,29,0,0.6194,3.42
20.22,230.0,8,28.75,1.84,29,0,0.6201,3.42
20.24,230.0,8,28.75,1.84,29,0,0.6208,3.42
20.26,230.0,8,28.75,1.84,29,0,0.6215,3.42
20.29,230.0,8,28.75,1.84,29,0,0.6221,3.42
20.31,230.0,8,28.75,1.84,29,0,0.6228,3.42
20.33,230.0,8,28.75,1.84,29,0,0.6235,3.42
20.35,230.0,8,28.75,1.84,29,0,0.6242,3.42
20.38,230.0,8,28.75,1.84,29,0,0.6249,3.42
20.4,230.0,8,28.75,1.84,29,0,0.6255,3.42
20.42,230.0,8,28.75,1.84,29,0,0.6262,3.42
20.44,230.0,8,28.75,1.84,29,0,0.6269,3.42
20.46,230.0,8,28.75,1.84,29,0,0.6276,3.42
20.49,230.0,8,28.75,1.84,29,0,0.6283,3.42
20.51,230.0,8,28.75,1.84,29,0,0.629,3.42
20.53,230.0,8,28.75,1.84,29,0,0.6296,3.42
20.55,230.0,8,28.75,1.84,29,0,0.6303,3.42
20.58,230.0,8,28.75,1.84,29,0,0.631,3.42
20.6,230.0,8,28.75,1.84,29,0,0.6317,3.42
20.62,230.0,8,28.75,1.84,29,0,0.6323,3.42
20.64,230.0,8,28.75,1.84,29,0,0.633,3.42
20.66,230.0,8,28.75,1.84,29,0,0.6337,3.42
20.69,230.0,8,28.75,1.84,29,0,0.6344,3.42
20.71,230.0,8,28.75,1.84,29,0,0.6351,3.42
20.73,230.0,8,28.75,1.84,29,0,0.6357,3.42
20.75,230.0,8,28.75,1.84,29,0,0.6364,3.42
20.78,230.0,8,28.75,1.84,29,0,0.6371,3.42
20.8,230.0,8,28.75,1.84,29,0,0.6378,3.42
20.82,230.0,8,28.75,1.84,29,0,0.6385,3.42
20.84,230.0,8,28.75,1.84,29,0,0.6391,3.42
20.86,230.0,8,28.75,1.84,29,0,0.6398,3.42
20.89,230.0,8,28.75,1.84,29,0,0.6405,3.42
20.91,230.0,8,28.75,1.84,29,0,0.6412,3.42
20.93,230.0,8,28.75,1.84,29,0,0.6419,3.42
20.95,230.0,8,28.75,1.84,29,0,0.6425,3.42
20.97,230.0,8,28.75,1.84,29,0,0.6432,3.42
21.0,230.0,8,28.75,1.84,29,0,0.6439,3.42
21.02,230.0,8,28.75,1.84,29,0,0.6446,3.42
21.04,230.0,8,28.75,1.84,29,0,0.6453,3.42
21.06,230.0,8,28.75,1.84,29,0,0.646,3.42
21.09,230.0,8,28.75,1.84,29,0,0.6466,3.42
21.11,230.0,8,28.75,1.84,29,0,0.6473,3.42
21.13,230.0,8,28.75,1.84,29,0,0.648,3.42
21.15,230.0,8,28.75,1.84,29,0,0.6487,3.42
21.17,230.0,8,28.75,1.84,29,0,0.6494,3.42
21.2,230.0,8,28.75,1.84,29,0,0.65,3.42
21.22,230.0,8,28.75,1.84,29,0,0.6507,3.42
21.24,230.0,8,28.75,1.84,29,0,0.6514,3.42
21.26,230.0,8,28.75,1.84,29,0,0.6521,3.42
21.29,230.0,8,28.75,1.84,29,0,0.6528,3.42
21.31,230.0,8,28.75,1.84,29,0,0.6534,3.42
21.33,230.0,8,28.75,1.84,29,0,0.6541,3.42
21.35,230.0,8,28.75,1.84,29,0,0.6548,3.42
21.37,230.0,8,28.75,1.84,29,0,0.6555,3.42
21.4,230.0,8,28.75,1.84,29,0,0.6562,3.42
21.42,230.0,8,28.75,1.84,29,0,0.6568,3.42
21.44,230.0,8,28.75,1.84,29,0,0.6575,3.42
21.46,230.0,8,28.75,1.84,29,0,0.6582,3.42
21.49,230.0,8,28.75,1.84,29,0,0.6589,3.42
21.51,230.0,8,28.75,1.84,29,0,0.6596,3.42
21.53,230.0,8,28.75,1.84,29,0,0.6602,3.42
21.55,230.0,8,28.75,1.84,29,0,0.6609,3.42
21.57,230.0,8,28.75,1.84,29,0,0.6616,3.42
21.6,230.0,8,28.75,1.84,29,0,0.6623,3.42
21.62,230.0,8,28.75,1.84,29,0,0.663,3.42
21.64,230.0,8,28.75,1.84,29,0,0.6636,3.42
21.66,230.0,8,28.75,1.84,29,0,0.6643,3.42
21.68,230.0,8,28.75,1.84,29,0,0.665,3.42
21.71,230.0,8,28.75,1.84,29,0,0.6657,3.42
21.73,230.0,8,28.75,1.84,29,0,0.6664,3.42
21.75,230.0,8,28.75,1.84,29,0,0.667,3.42
21.77,230.0,8,28.75,1.84,29,0,0.6677,3.42
21.8,230.0,8,28.75,1.84,29,0,0.6684,3.42
21.82,230.0,8,28.75,1.84,29,0,0.6691,3.42
21.84,230.0,8,28.75,1.84,29,0,0.6698,3.42
21.86,230.0,8,28.75,1.84,29,0,0.6704,3.42
21.88,230.0,8,28.75,1.84,29,0,0.6711,3.42
21.91,230.0,8,28.75,1.84,29,0,0.6718,3.42
21.93,230.0,8,28.75,1.84,29,0,0.6725,3.42
21.95,230.0,8,28.75,1.84,29,0,0.6732,3.42
21.98,230.0,8,28.75,1.84,29,0,0.6739,3.42
22.0,230.0,8,28.75,1.84,29,0,0.6746,3.42
22.02,230.0,8,28.75,1.84,29,0,0.6753,3.42
22.04,230.0,8,28.75,1.84,29,0,0.6759,3.42
22.06,230.0,8,28.75,1.84,29,0,0.6766,3.42
22.09,230.0,8,28.75,1.84,29,0,0.6773,3.42
22.11,230.0,8,28.75,1.84,29,0,0.678,3.42
22.13,230.0,8,28.75,1.84,29,0,0.6787,3.42
22.15,230.0,8,28.75,1.84,29,0,0.6793,3.44
22.17,230.0,8,28.75,1.84,29,0,0.68,3.44
22.2,230.0,8,28.75,1.84,29,0,0.6807,3.44
22.22,230.0,8,28.75,1.84,29,0,0.6813,3.44
22.24,230.0,8,28.75,1.84,29,0,0.682,3.44
22.26,230.0,8,28.75,1.84,29,0,0.6827,3.44
22.28,230.0,8,28.75,1.84,29,0,0.6834,3.44
22.31,230.0,8,28.75,1.84,29,0,0.6841,3.44
22.33,230.0,8,28.75,1.84,29,0,0.6847,3.44
22.35,230.0,8,28.75,1.84,29,0,0.6854,3.44
22.37,230.0,8,28.75,1.84,29,0,0.6861,3.44
22.39,230.0,8,28.75,1.84,29,0,0.6868,3.44
22.42,230.0,8,28.75,1.84,29,0,0.6875,3.44
22.44,230.0,8,28.75,1.84,29,0,0.6881,3.44
22.46,230.0,8,28.75,1.84,29,0,0.6888,3.44
22.48,230.0,8,28.75,1.84,29,0,0.6895,3.44
22.51,230.0,8,28.75,1.84,29,0,0.6902,3.44
22.53,230.0,8,28.75,1.84,29,0,0.6909,3.44
22.55,230.0,8,28.75,1.84,29,0,0.6915,3.44
22.57,230.0,8,28.75,1.84,29,0,0.6922,3.44
22.6,230.0,8,28.75,1.84,29,0,0.693,3.44
22.62,230.0,8,28.75,1.84,29,0,0.6937,3.44
22.64,230.0,8,28.75,1.84,29,0,0.6944,3.44
22.67,230.0,8,28.75,1.84,29,0,0.6951,3.44
22.69,230.0,8,28.75,1.84,29,0,0.6958,3.44
22.71,230.0,8,28.75,1.84,29,0,0.6965,3.44
22.73,230.0,8,28.75,1.84,29,0,0.6971,3.44
22.76,230.0,8,28.75,1.84,29,0,0.6978,3.44
22.78,230.0,8,28.75,1.84,29,0,0.6985,3.44
22.8,230.0,8,28.75,1.84,29,0,0.6992,3.44
22.82,230.0,8,28.75,1.84,29,0,0.6999,3.44
22.84,230.0,8,28.75,1.84,29,0,0.7005,3.44
22.87,230.0,8,28.75,1.84,29,0,0.7012,3.44
22.89,230.0,8,28.75,1.84,29,0,0.7019,3.44
22.91,230.0,8,28.75,1.84,29,0,0.7026,3.44
22.93,230.0,8,28.75,1.84,29,0,0.7033,3.44
22.95,230.0,8,28.75,1.84,29,0,0.7039,3.44
22.98,230.0,8,28.75,1.84,29,0,0.7046,3.44
23.0,230.0,8,28.75,1.84,29,0,0.7053,3.44
23.02,230.0,8,28.75,1.84,29,0,0.706,3.44
23.04,230.0,8,28.75,1.84,29,0,0.7067,3.44
23.07,230.0,8,28.75,1.84,29,0,0.7073,3.44
23.09,230.0,8,28.75,1.84,29,0,0.708,3.44
23.11,230.0,8,28.75,1.84,29,0,0.7087,3.44
23.13,230.0,8,28.75,1.84,29,0,0.7094,3.44
23.15,230.0,8,28.75,1.84,29,0,0.7101,3.44
23.18,230.0,8,28.75,1.84,29,0,0.7107,3.44
23.2,230.0,8,28.75,1.84,29,0,0.7114,3.44
23.22,230.0,8,28.75,1.84,29,0,0.7121,3.44
23.24,230.0,8,28.75,1.84,29,0,0.7128,3.44
23.27,230.0,8,28.75,1.84,29,0,0.7135,3.44
23.29,230.0,8,28.75,1.84,29,0,0.7141,3.44
23.31,230.0,8,28.75,1.84,29,0,0.7148,3.44
23.33,230.0,8,28.75,1.84,29,0,0.7155,3.44
23.36,230.0,8,28.75,1.84,29,0,0.7162,3.44
23.38,230.0,8,28.75,1.84,29,0,0.7169,3.44
23.4,230.0,8,28.75,1.84,29,0,0.7176,3.44
23.42,230.0,8,28.75,1.84,29,0,0.7183,3.44
23.44,230.0,8,28.75,1.84,29,0,0.719,3.44
23.47,230.0,8,28.75,1.84,29,0,0.7196,3.44
23.49,230.0,8,28.75,1.84,29,0,0.7203,3.44
23.51,230.0,8,28.75,1.84,29,0,0.721,3.44
23.53,230.0,8,28.75,1.84,29,0,0.7217,3.44
23.56,230.0,8,28.75,1.84,29,0,0.7224,3.44
23.58,230.0,8,28.75,1.84,29,0,0.723,3.44
23.6,230.0,8,28.75,1.84,29,0,0.7237,3.44
23.62,230.0,8,28.75,1.84,29,0,0.7244,3.44
23.64,230.0,8,28.75,1.84,29,0,0.7251,3.44
23.67,230.0,8,28.75,1.84,29,0,0.7257,3.44
23.69,230.0,8,28.75,1.84,29,0,0.7264,3.44
23.71,230.0,8,28.75,1.84,29,0,0.7271,3.44
23.73,230.0,8,28.75,1.84,29,0,0.7278,3.44
23.75,230.0,8,28.75,1.84,29,0,0.7284,3.44
23.78,230.0,8,28.75,1.84,29,0,0.7291,3.44
23.8,230.0,8,28.75,1.84,29,0,0.7298,3.44
23.82,230.0,8,28.75,1.84,29,0,0.7305,3.44
23.84,230.0,8,28.75,1.84,29,0,0.7312,3.44
23.86,230.0,8,28.75,1.84,29,0,0.7318,3.44
23.89,230.0,8,28.75,1.84,29,0,0.7325,3.44
23.91,230.0,8,28.75,1.84,29,0,0.7332,3.44
23.93,230.0,8,28.75,1.84,29,0,0.7339,3.44
23.95,230.0,8,28.75,1.84,29,0,0.7346,3.44
23.98,230.0,8,28.75,1.84,29,0,0.7352,3.44
24.0,230.0,8,28.75,1.84,29,0,0.7359,3.44
24.02,230.0,8,28.75,1.84,29,0,0.7366,3.44
24.04,230.0,8,28.75,1.84,29,0,0.7373,3.44
24.07,230.0,8,28.75,1.84,29,0,0.738,3.44
24.09,230.0,8,28.75,1.84,29,0,0.7387,3.44
24.11,230.0,8,28.75,1.84,29,0,0.7394,3.44
24.13,230.0,8,28.75,1.84,29,0,0.7401,3.44
24.15,230.0,8,28.75,1.84,29,0,0.7407,3.44
24.18,230.0,8,28.75,1.84,29,0,0.7414,3.44
24.2,230.0,8,28.75,1.84,29,0,0.7421,3.44
24.22,230.0,8,28.75,1.84,29,0,0.7428,3.44
24.24,230.0,8,28.75,1.84,29,0,0.7435,3.44
24.27,230.0,8,28.75,1.84,29,0,0.7442,3.44
24.29,230.0,8,28.75,1.84,29,0,0.7449,3.44
24.31,230.0,8,28.75,1.84,29,0,0.7456,3.44
24.33,230.0,8,28.75,1.84,29,0,0.7462,3.44
24.36,230.0,8,28.75,1.84,29,0,0.7469,3.44
24.38,230.0,8,28.75,1.84,29,0,0.7476,3.44
24.4,230.0,8,28.75,1.84,29,0,0.7483,3.44
24.42,230.0,8,28.75,1.84,29,0,0.749,3.44
24.44,230.0,8,28.75,1.84,29,0,0.7496,3.44
24.47,230.0,8,28.75,1.84,29,0,0.7503,3.44
24.49,230.0,8,28.75,1.84,29,0,0.751,3.44
24.51,230.0,8,28.75,1.84,29,0,0.7517,3.44
24.54,230.0,8,28.75,1.84,29,0,0.7524,3.44
24.56,230.0,8,28.75,1.84,29,0,0.7531,3.44
24.58,230.0,8,28.75,1.84,29,0,0.7538,3.44
24.6,230.0,8,28.75,1.84,29,0,0.7544,3.44
24.62,230.0,8,28.75,1.84,29,0,0.7551,3.44
24.65,230.0,8,28.75,1.84,29,0,0.7558,3.44
24.67,230.0,8,28.75,1.84,29,0,0.7565,3.44
24.69,230.0,8,28.75,1.84,29,0,0.7572,3.44
24.71,230.0,8,28.75,1.84,29,0,0.7579,3.44
24.73,230.0,8,28.75,1.84,29,0,0.7585,3.44
24.76,230.0,8,28.75,1.84,29,0,0.7592,3.44
24.78,230.0,8,28.75,1.84,29,0,0.7599,3.44
24.8,230.0,8,28.75,1.84,29,0,0.7606,3.44
24.82,230.0,8,28.75,1.84,29,0,0.7613,3.44
24.85,230.0,8,28.75,1.84,29,0,0.7619,3.44
24.87,230.0,8,28.75,1.84,29,0,0.7626,3.44
24.89,230.0,8,28.75,1.84,29,0,0.7633,3.44
24.91,230.0,8,28.75,1.84,29,0,0.764,3.44
24.93,230.0,8,28.75,1.84,29,0,0.7647,3.44
24.96,230.0,8,28.75,1.84,29,0,0.7653,3.44
24.98,230.0,8,28.75,1.84,29,0,0.766,3.44
25.0,230.0,8,28.75,1.84,29,0,0.7667,3.44
25.02,230.0,8,28.75,1.84,29,0,0.7674,3.44
25.05,230.0,8,28.75,1.84,29,0,0.7681,3.44
25.07,230.0,8,28.75,1.84,29,0,0.7687,3.44
25.09,230.0,8,28.75,1.84,29,0,0.7694,3.44
25.11,230.0,8,28.75,1.84,29,0,0.7701,3.44
25.13,230.0,8,28.75,1.84,29,0,0.7708,3.44
25.16,230.0,8,28.75,1.84,29,0,0.7715,3.44
25.18,230.0,8,28.75,1.84,29,0,0.7721,3.44
25.2,230.0,8,28.75,1.84,29,0,0.7728,3.44
25.22,230.0,8,28.75,1.84,29,0,0.7735,3.44
25.25,230.0,8,28.75,1.84,29,0,0.7742,3.44
25.27,230.0,8,28.75,1.84,29,0,0.7749,3.44
25.29,230.0,8,28.75,1.84,29,0,0.7755,3.44
25.31,230.0,8,28.75,1.84,29,0,0.7762,3.44
25.33,230.0,8,28.75,1.84,29,0,0.7769,3.44
25.36,230.0,8,28.75,1.84,29,0,0.7776,3.44
25.38,230.0,8,28.75,1.84,29,0,0.7783,3.44
25.4,230.0,8,28.75,1.84,29,0,0.7789,3.44
25.42,230.0,8,28.75,1.84,29,0,0.7796,3.44
25.44,230.0,8,28.75,1.84,29,0,0.7803,3.44
25.47,230.0,8,28.75,1.84,29,0,0.781,3.44
25.49,230.0,8,28.75,1.84,29,0,0.7817,3.44
25.51,230.0,8,28.75,1.84,29,0,0.7823,3.44
25.53,230.0,8,28.75,1.84,29,0,0.783,3.44
25.56,230.0,8,28.75,1.84,29,0,0.7837,3.44
25.58,230.0,8,28.75,1.84,29,0,0.7844,3.44
25.6,230.0,8,28.75,1.84,29,0,0.7851,3.44
25.62,230.0,8,28.75,1.84,29,0,0.7857,3.44
25.64,230.0,8,28.75,1.84,29,0,0.7864,3.44
25.67,230.0,8,28.75,1.84,29,0,0.7871,3.44
25.69,230.0,8,28.75,1.84,29,0,0.7878,3.44
25.71,230.0,8,28.75,1.84,29,0,0.7885,3.44
25.73,230.0,8,28.75,1.84,29,0,0.7892,3.44
25.76,230.0,8,28.75,1.84,29,0,0.7899,3.44
25.78,230.0,8,28.75,1.84,29,0,0.7906,3.44
25.8,230.0,8,28.75,1.84,29,0,0.7913,3.44
25.83,230.0,8,28.75,1.84,29,0,0.792,3.44
25.85,230.0,8,28.75,1.84,29,0,0.7927,3.44
25.87,230.0,8,28.75,1.84,29,0,0.7933,3.44
25.89,230.0,8,28.75,1.84,29,0,0.794,3.44
25.91,230.0,8,28.75,1.84,29,0,0.7947,3.44
25.94,230.0,8,28.75,1.84,29,0,0.7954,3.44
25.96,230.0,8,28.75,1.84,29,0,0.7961,3.44
25.98,230.0,8,28.75,1.84,29,0,0.7967,3.44
26.0,230.0,8,28.75,1.84,29,0,0.7974,3.44
26.03,230.0,8,28.75,1.84,29,0,0.7981,3.44
26.05,230.0,8,28.75,1.84,29,0,0.7988,3.44
26.07,230.0,8,28.75,1.84,29,0,0.7995,3.44
26.09,230.0,8,28.75,1.84,29,0,0.8002,3.44
26.12,230.0,8,28.75,1.84,29,0,0.801,3.44
26.15,230.0,8,28.75,1.84,29,0,0.8018,3.44
26.17,230.0,8,28.75,1.84,29,0,0.8026,3.44
26.2,230.0,8,28.75,1.84,29,0,0.8034,3.44
26.22,230.0,8,28.75,1.84,29,0,0.8041,3.44
26.24,230.0,8,28.75,1.84,29,0,0.8047,3.44
26.26,230.0,8,28.75,1.84,29,0,0.8054,3.44
26.29,230.0,8,28.75,1.84,29,0,0.8061,3.44
26.31,230.0,8,28.75,1.84,29,0,0.8068,3.44
26.33,230.0,8,28.75,1.84,29,0,0.8075,3.44
26.35,230.0,8,28.75,1.84,29,0,0.8081,3.44
26.37,230.0,8,28.75,1.84,29,0,0.8088,3.44
26.4,230.0,8,28.75,1.84,29,0,0.8095,3.44
26.42,230.0,8,28.75,1.84,29,0,0.8102,3.44
26.44,230.0,8,28.75,1.84,29,0,0.8109,3.44
26.46,230.0,8,28.75,1.84,29,0,0.8116,3.44
26.49,230.0,8,28.75,1.84,29,0,0.8122,3.44
26.51,230.0,8,28.75,1.84,29,0,0.8129,3.44
26.53,230.0,8,28.75,1.84,29,0,0.8136,3.44
26.55,230.0,8,28.75,1.84,29,0,0.8143,3.44
26.57,230.0,8,28.75,1.84,29,0,0.815,3.44
26.6,230.0,8,28.75,1.84,29,0,0.8156,3.44
26.62,230.0,8,28.75,1.84,29,0,0.8163,3.44
26.64,230.0,8,28.75,1.84,29,0,0.817,3.44
26.66,230.0,8,28.75,1.84,29,0,0.8177,3.44
26.69,230.0,8,28.75,1.84,29,0,0.8184,3.44
26.71,230.0,8,28.75,1.84,29,0,0.819,3.44
26.74,230.0,8,28.75,1.84,29,0,0.8199,3.44
26.76,230.0,8,28.75,1.84,29,0,0.8206,3.44
26.78,230.0,8,28.75,1.84,29,0,0.8213,3.44
26.8,230.0,8,28.75,1.84,29,0,0.822,3.44
26.83,230.0,8,28.75,1.84,29,0,0.8226,3.44
26.85,230.0,8,28.75,1.84,29,0,0.8233,3.44
26.87,230.0,8,28.75,1.84,29,0,0.824,3.44
26.89,230.0,8,28.75,1.84,29,0,0.8247,3.44
26.91,230.0,8,28.75,1.84,29,0,0.8254,3.44
26.94,230.0,8,28.75,1.84,29,0,0.8261,3.44
26.96,230.0,8,28.75,1.84,29,0,0.8267,3.44
26.98,230.0,8,28.75,1.84,29,0,0.8274,3.44
27.0,230.0,8,28.75,1.84,29,0,0.8281,3.44
27.03,230.0,8,28.75,1.84,29,0,0.8288,3.44
27.05,230.0,8,28.75,1.84,29,0,0.8295,3.44
27.07,230.0,8,28.75,1.84,29,0,0.8301,3.44
27.09,230.0,8,28.75,1.84,29,0,0.8308,3.44
27.11,230.0,8,28.75,1.84,29,0,0.8315,3.44
27.14,230.0,8,28.75,1.84,29,0,0.8322,3.44
27.16,230.0,8,28.75,1.84,29,0,0.8329,3.44
27.18,230.0,8,28.75,1.84,29,0,0.8335,3.44
27.2,230.0,8,28.75,1.84,29,0,0.8342,3.44
27.22,230.0,8,28.75,1.84,29,0,0.8349,3.44
27.25,230.0,8,28.75,1.84,29,0,0.8356,3.44
27.27,230.0,8,28.75,1.84,29,0,0.8363,3.44
27.29,230.0,8,28.75,1.84,29,0,0.8369,3.44
27.31,230.0,8,28.75,1.84,29,0,0.8376,3.44
27.34,230.0,8,28.75,1.84,29,0,0.8383,3.44
27.36,230.0,8,28.75,1.84,29,0,0.839,3.44
27.38,230.0,8,28.75,1.84,29,0,0.8397,3.44
27.4,230.0,8,28.75,1.84,29,0,0.8403,3.44
27.42,230.0,8,28.75,1.84,29,0,0.841,3.44
27.45,230.0,8,28.75,1.84,29,0,0.8417,3.44
27.47,230.0,8,28.75,1.84,29,0,0.8424,3.44
27.49,230.0,8,28.75,1.84,29,0,0.8431,3.44
27.51,230.0,8,28.75,1.84,29,0,0.8437,3.44
27.54,230.0,8,28.75,1.84,29,0,0.8444,3.44
27.56,230.0,8,28.75,1.84,29,0,0.8452,3.44
27.58,230.0,8,28.75,1.84,29,0,0.8458,3.44
27.6,230.0,8,28.75,1.84,29,0,0.8465,3.44
27.63,230.0,8,28.75,1.84,29,0,0.8472,3.44
27.65,230.0,8,28.75,1.84,29,0,0.8479,3.44
27.67,230.0,8,28.75,1.84,29,0,0.8486,3.44
27.69,230.0,8,28.75,1.84,29,0,0.8492,3.44
27.71,230.0,8,28.75,1.84,29,0,0.8499,3.44
27.74,230.0,8,28.75,1.84,29,0,0.8506,3.44
27.76,230.0,8,28.75,1.84,29,0,0.8513,3.44
27.78,230.0,8,28.75,1.84,29,0,0.852,3.44
27.8,230.0,8,28.75,1.84,29,0,0.8526,3.44
27.83,230.0,8,28.75,1.84,29,0,0.8533,3.44
27.85,230.0,8,28.75,1.84,29,0,0.854,3.44
27.87,230.0,8,28.75,1.84,29,0,0.8547,3.44
27.89,230.0,8,28.75,1.84,29,0,0.8554,3.44
27.91,230.0,8,28.75,1.84,29,0,0.856,3.44
27.94,230.0,8,28.75,1.84,29,0,0.8567,3.44
27.96,230.0,8,28.75,1.84,29,0,0.8574,3.44
27.98,230.0,8,28.75,1.84,29,0,0.8581,3.44
28.0,230.0,8,28.75,1.84,29,0,0.8588,3.44
28.03,230.0,8,28.75,1.84,29,0,0.8594,3.44
28.05,230.0,8,28.75,1.84,29,0,0.8601,3.44
28.07,230.0,8,28.75,1.84,29,0,0.8608,3.44
28.09,230.0,8,28.75,1.84,29,0,0.8615,3.44
28.11,230.0,8,28.75,1.84,29,0,0.8622,3.44
28.14,230.0,8,28.75,1.84,29,0,0.8628,3.44
28.16,230.0,8,28.75,1.84,29,0,0.8635,3.44
28.18,230.0,8,28.75,1.84,29,0,0.8642,3.44
28.2,230.0,8,28.75,1.84,29,0,0.8649,3.44
28.23,230.0,8,28.75,1.84,29,0,0.8656,3.44
28.25,230.0,8,28.75,1.84,29,0,0.8662,3.44
28.27,230.0,8,28.75,1.84,29,0,0.8669,3.44
28.29,230.0,8,28.75,1.84,29,0,0.8676,3.44
28.31,230.0,8,28.75,1.84,29,0,0.8683,3.44
28.34,230.0,8,28.75,1.84,29,0,0.869,3.44
28.36,230.0,8,28.75,1.84,29,0,0.8696,3.44
28.38,230.0,8,28.75,1.84,29,0,0.8703,3.44
28.4,230.0,8,28.75,1.84,29,0,0.871,3.44
28.42,230.0,8,28.75,1.84,29,0,0.8717,3.44
28.45,230.0,8,28.75,1.84,29,0,0.8724,3.44
28.47,230.0,8,28.75,1.84,29,0,0.873,3.44
28.49,230.0,8,28.75,1.84,29,0,0.8737,3.44
28.51,230.0,8,28.75,1.84,29,0,0.8744,3.44
28.54,230.0,8,28.75,1.84,29,0,0.8751,3.44
28.56,230.0,8,28.75,1.84,29,0,0.8758,3.44
28.58,230.0,8,28.75,1.84,29,0,0.8765,3.44
28.6,230.0,8,28.75,1.84,29,0,0.8771,3.44
28.62,230.0,8,28.75,1.84,29,0,0.8778,3.44
28.65,230.0,8,28.75,1.84,29,0,0.8785,3.44
28.67,230.0,8,28.75,1.84,29,0,0.8792,3.44
28.69,230.0,8,28.75,1.84,29,0,0.8799,3.44
28.71,230.0,8,28.75,1.84,29,0,0.8805,3.44
28.74,230.0,8,28.75,1.84,29,0,0.8812,3.44
28.76,230.0,8,28.75,1.84,29,0,0.8819,3.44
28.78,230.0,8,28.75,1.84,29,0,0.8826,3.44
28.8,230.0,8,28.75,1.84,29,0,0.8833,3.44
28.83,230.0,8,28.75,1.84,29,0,0.884,3.44
28.85,230.0,8,28.75,1.84,29,0,0.8847,3.44
28.87,230.0,8,28.75,1.84,29,0,0.8854,3.44
28.89,230.0,8,28.75,1.84,29,0,0.8861,3.44
28.92,230.0,8,28.75,1.84,29,0,0.8868,3.44
28.94,230.0,8,28.75,1.84,29,0,0.8874,3.44
28.96,230.0,8,28.75,1.84,29,0,0.8881,3.44
28.98,230.0,8,28.75,1.84,29,0,0.8888,3.44
29.0,230.0,8,28.75,1.84,29,0,0.8895,3.44
29.03,230.0,8,28.75,1.84,29,0,0.8902,3.44
29.05,230.0,8,28.75,1.84,29,0,0.8908,3.44
29.07,230.0,8,28.75,1.84,29,0,0.8915,3.44
29.09,230.0,8,28.75,1.84,29,0,0.8922,3.44
29.12,230.0,8,28.75,1.84,29,0,0.8929,3.44
29.14,230.0,8,28.75,1.84,29,0,0.8936,3.44
29.16,230.0,8,28.75,1.84,29,0,0.8942,3.44
29.18,230.0,8,28.75,1.84,29,0,0.8949,3.44
29.2,230.0,8,28.75,1.84,29,0,0.8956,3.44
29.23,230.0,8,28.75,1.84,29,0,0.8963,3.44
29.25,230.0,8,28.75,1.84,29,0,0.897,3.44
29.27,230.0,8,28.75,1.84,29,0,0.8976,3.44
29.29,230.0,8,28.75,1.84,29,0,0.8983,3.44
29.32,230.0,8,28.75,1.84,29,0,0.899,3.44
29.34,230.0,8,28.75,1.84,29,0,0.8997,3.44
29.36,230.0,8,28.75,1.84,29,0,0.9004,3.44
29.38,230.0,8,28.75,1.84,29,0,0.9011,3.44
29.4,230.0,8,28.75,1.84,29,0,0.9017,3.44
29.43,230.0,8,28.75,1.84,29,0,0.9024,3.44
29.45,230.0,8,28.75,1.84,29,0,0.9031,3.44
29.47,230.0,8,28.75,1.84,29,0,0.9038,3.44
29.49,230.0,8,28.75,1.84,29,0,0.9045,3.44
29.52,230.0,8,28.75,1.84,29,0,0.9052,3.44
29.54,230.0,8,28.75,1.84,29,0,0.9059,3.44
29.56,230.0,8,28.75,1.84,29,0,0.9065,3.44
29.58,230.0,8,28.75,1.84,29,0,0.9072,3.44
29.61,230.0,8,28.75,1.84,29,0,0.9079,3.44
29.63,230.0,8,28.75,1.84,29,0,0.9086,3.44
29.65,230.0,8,28.75,1.84,29,0,0.9093,3.44
29.67,230.0,8,28.75,1.84,29,0,0.9099,3.44
29.69,230.0,8,28.75,1.84,29,0,0.9106,3.44
29.72,230.0,8,28.75,1.84,29,0,0.9113,3.44
29.74,230.0,8,28.75,1.84,29,0,0.912,3.44
29.76,230.0,8,28.75,1.84,29,0,0.9127,3.44
29.78,230.0,8,28.75,1.84,29,0,0.9134,3.44
29.81,230.0,8,28.75,1.84,29,0,0.9141,3.44
29.83,230.0,8,28.75,1.84,29,0,0.9148,3.44
29.85,230.0,8,28.75,1.84,29,0,0.9155,3.44
29.88,230.0,8,28.75,1.84,29,0,0.9162,3.44
29.9,230.0,8,28.75,1.84,29,0,0.9169,3.44
29.92,230.0,8,28.75,1.84,29,0,0.9175,3.44
29.94,230.0,8,28.75,1.84,29,0,0.9182,3.44
29.97,230.0,8,28.75,1.84,29,0,0.9189,3.44
29.99,230.0,8,28.75,1.84,29,0,0.9196,3.44
30.01,230.0,8,28.75,1.84,29,0,0.9203,3.44
30.03,230.0,8,28.75,1.84,29,0,0.921,3.44
30.05,230.0,8,28.75,1.84,29,0,0.9217,3.44
30.08,230.0,8,28.75,1.84,29,0,0.9224,3.44
30.1,230.0,8,28.75,1.84,29,0,0.923,3.44
30.12,230.0,8,28.75,1.84,29,0,0.9237,3.44
30.14,230.0,8,28.75,1.84,29,0,0.9244,3.44
30.17,230.0,8,28.75,1.84,29,0,0.9251,3.44
30.19,230.0,8,28.75,1.84,29,0,0.9258,3.44
30.21,230.0,8,28.75,1.84,29,0,0.9264,3.44
30.23,230.0,8,28.75,1.84,29,0,0.9271,3.44
30.25,230.0,8,28.75,1.84,29,0,0.9278,3.44
30.28,230.0,8,28.75,1.84,29,0,0.9285,3.44
30.3,230.0,8,28.75,1.84,29,0,0.9292,3.44
30.32,230.0,8,28.75,1.84,29,0,0.9299,3.44
30.35,230.0,8,28.75,1.84,29,0,0.9306,3.44
30.37,230.0,8,28.75,1.84,29,0,0.9313,3.44
30.39,230.0,8,28.75,1.84,29,0,0.932,3.44
30.42,230.0,8,28.75,1.84,29,0,0.9328,3.44
30.44,230.0,8,28.75,1.84,29,0,0.9335,3.44
30.46,230.0,8,28.75,1.84,29,0,0.9341,3.44
30.48,230.0,8,28.75,1.84,29,0,0.9348,3.44
30.51,230.0,8,28.75,1.84,29,0,0.9355,3.44
30.53,230.0,8,28.75,1.84,29,0,0.9362,3.44
30.55,230.0,8,28.75,1.84,29,0,0.9369,3.44
30.57,230.0,8,28.75,1.84,29,0,0.9376,3.44
30.6,230.0,8,28.75,1.84,29,0,0.9383,3.44
30.62,230.0,8,28.75,1.84,29,0,0.939,3.44
30.64,230.0,8,28.75,1.84,29,0,0.9397,3.44
30.66,230.0,8,28.75,1.84,29,0,0.9404,3.44
30.69,230.0,8,28.75,1.84,29,0,0.941,3.44
30.71,230.0,8,28.75,1.84,29,0,0.9417,3.44
30.73,230.0,8,28.75,1.84,29,0,0.9424,3.44
30.75,230.0,8,28.75,1.84,29,0,0.9431,3.44
30.77,230.0,8,28.75,1.84,29,0,0.9438,3.44
30.8,230.0,8,28.75,1.84,29,0,0.9444,3.44
30.82,230.0,8,28.75,1.84,29,0,0.9451,3.44
30.84,230.0,8,28.75,1.84,29,0,0.9458,3.44
30.86,230.0,8,28.75,1.84,29,0,0.9465,3.44
30.89,230.0,8,28.75,1.84,29,0,0.9472,3.44
30.91,230.0,8,28.75,1.84,29,0,0.9478,3.44
30.93,230.0,8,28.75,1.84,29,0,0.9485,3.44
30.95,230.0,8,28.75,1.84,29,0,0.9492,3.44
30.97,230.0,8,28.75,1.84,29,0,0.9499,3.44
31.0,230.0,8,28.75,1.84,29,0,0.9506,3.44
31.02,230.0,8,28.75,1.84,29,0,0.9512,3.44
31.04,230.0,8,28.75,1.84,29,0,0.9519,3.44
31.06,230.0,8,28.75,1.84,29,0,0.9526,3.44
31.09,230.0,8,28.75,1.84,29,0,0.9533,3.44
31.11,230.0,8,28.75,1.84,29,0,0.954,3.44
31.13,230.0,8,28.75,1.84,29,0,0.9546,3.44
31.15,230.0,8,28.75,1.84,29,0,0.9554,3.44
31.18,230.0,8,28.75,1.84,29,0,0.9561,3.44
31.2,230.0,8,28.75,1.84,29,0,0.9567,3.44
31.22,230.0,8,28.75,1.84,29,0,0.9574,3.44
31.24,230.0,8,28.75,1.84,29,0,0.9581,3.44
31.26,230.0,8,28.75,1.84,29,0,0.9588,3.44
31.29,230.0,8,28.75,1.84,29,0,0.9595,3.44
31.31,230.0,8,28.75,1.84,29,0,0.9601,3.44
31.33,230.0,8,28.75,1.84,29,0,0.9608,3.44
31.35,230.0,8,28.75,1.84,29,0,0.9615,3.44
31.38,230.0,8,28.75,1.84,29,0,0.9622,3.44
31.4,230.0,8,28.75,1.84,29,0,0.9629,3.44
31.42,230.0,8,28.75,1.84,29,0,0.9635,3.44
31.44,230.0,8,28.75,1.84,29,0,0.9642,3.44
31.46,230.0,8,28.75,1.84,29,0,0.9649,3.44
31.49,230.0,8,28.75,1.84,29,0,0.9656,3.44
31.51,230.0,8,28.75,1.84,29,0,0.9663,3.44
31.53,230.0,8,28.75,1.84,29,0,0.9669,3.44
31.55,230.0,8,28.75,1.84,29,0,0.9676,3.44
31.58,230.0,8,28.75,1.84,29,0,0.9683,3.44
31.6,230.0,8,28.75,1.84,29,0,0.969,3.44
31.62,230.0,8,28.75,1.84,29,0,0.9697,3.44
31.64,230.0,8,28.75,1.84,29,0,0.9703,3.44
31.66,230.0,8,28.75,1.84,29,0,0.971,3.44
31.69,230.0,8,28.75,1.84,29,0,0.9717,3.44
31.71,230.0,8,28.75,1.84,29,0,0.9724,3.44
31.73,230.0,8,28.75,1.84,29,0,0.9731,3.44
31.75,230.0,8,28.75,1.84,29,0,0.9738,3.44
31.78,230.0,8,28.75,1.84,29,0,0.9744,3.44
31.8,230.0,8,28.75,1.84,29,0,0.9751,3.44
31.82,230.0,8,28.75,1.84,29,0,0.9758,3.44
31.84,230.0,8,28.75,1.84,29,0,0.9765,3.44
31.86,230.0,8,28.75,1.84,29,0,0.9772,3.44
31.89,230.0,8,28.75,1.84,29,0,0.9778,3.44
31.91,230.0,8,28.75,1.84,29,0,0.9785,3.44
31.93,230.0,8,28.75,1.84,29,0,0.9792,3.44
31.95,230.0,8,28.75,1.84,29,0,0.9799,3.44
31.97,230.0,8,28.75,1.84,29,0,0.9806,3.44
32.0,230.0,8,28.75,1.84,29,0,0.9812,3.44
32.02,230.0,8,28.75,1.84,29,0,0.9819,3.44
32.04,230.0,8,28.75,1.84,29,0,0.9826,3.44
32.06,230.0,8,28.75,1.84,29,0,0.9833,3.44
32.09,230.0,8,28.75,1.84,29,0,0.984,3.44
32.11,230.0,8,28.75,1.84,29,0,0.9846,3.44
32.13,230.0,8,28.75,1.84,29,0,0.9853,3.44
32.15,230.0,8,28.75,1.84,29,0,0.986,3.44
32.17,230.0,8,28.75,1.84,29,0,0.9867,3.44
32.2,230.0,8,28.75,1.84,29,0,0.9874,3.44
32.22,230.0,8,28.75,1.84,29,0,0.9881,3.44
32.24,230.0,8,28.75,1.84,29,0,0.9888,3.44
32.26,230.0,8,28.75,1.84,29,0,0.9895,3.44
32.29,230.0,8,28.75,1.84,29,0,0.9901,3.44
32.31,230.0,8,28.75,1.84,29,0,0.9908,3.44
32.33,230.0,8,28.75,1.84,29,0,0.9915,3.44
32.35,230.0,8,28.75,1.84,29,0,0.9922,3.44
32.38,230.0,8,28.75,1.84,29,0,0.9929,3.44
32.4,230.0,8,28.75,1.84,29,0,0.9935,3.44
32.42,230.0,8,28.75,1.84,29,0,0.9942,3.44
32.44,230.0,8,28.75,1.84,29,0,0.9949,3.44
32.46,230.0,8,28.75,1.84,29,0,0.9956,3.44
32.49,230.0,8,28.75,1.84,29,0,0.9963,3.44
32.51,230.0,8,28.75,1.84,29,0,0.9969,3.44
32.53,230.0,8,28.75,1.84,29,0,0.9976,3.44
32.55,230.0,8,28.75,1.84,29,0,0.9983,3.44
32.58,230.0,8,28.75,1.84,29,0,0.999,3.44
32.6,230.0,8,28.75,1.84,29,0,0.9997,3.44
32.62,230.0,8,28.75,1.84,29,0,1.0003,3.44
32.64,230.0,8,28.75,1.84,29,0,1.0011,3.44
32.67,230.0,8,28.75,1.84,29,0,1.0019,3.44
32.7,230.0,8,28.75,1.84,29,0,1.0027,3.44
32.72,230.0,8,28.75,1.84,29,0,1.0034,3.44
32.74,230.0,8,28.75,1.84,29,0,1.0041,3.44
32.76,230.0,8,28.75,1.84,29,0,1.0047,3.44
32.79,230.0,8,28.75,1.84,29,0,1.0054,3.44
32.81,230.0,8,28.75,1.84,29,0,1.0061,3.44
32.83,230.0,8,28.75,1.84,29,0,1.0068,3.44
32.85,230.0,8,28.75,1.84,29,0,1.0075,3.44
32.87,230.0,8,28.75,1.84,29,0,1.0081,3.44
32.9,230.0,8,28.75,1.84,29,0,1.0088,3.44
32.92,230.0,8,28.75,1.84,29,0,1.0095,3.44
32.94,230.0,8,28.75,1.84,29,0,1.0102,3.44
32.96,230.0,8,28.75,1.84,29,0,1.0109,3.44
32.98,230.0,8,28.75,1.84,29,0,1.0115,3.44
33.01,230.0,8,28.75,1.84,29,0,1.0122,3.44
33.03,230.0,8,28.75,1.84,29,0,1.0129,3.44
33.05,230.0,8,28.75,1.84,29,0,1.0136,3.44
33.07,230.0,8,28.75,1.84,29,0,1.0143,3.44
33.1,230.0,8,28.75,1.84,29,0,1.0149,3.44
33.12,230.0,8,28.75,1.84,29,0,1.0156,3.44
33.14,230.0,8,28.75,1.84,29,0,1.0163,3.44
33.16,230.0,8,28.75,1.84,29,0,1.017,3.44
33.18,230.0,8,28.75,1.84,29,0,1.0177,3.44
33.21,230.0,8,28.75,1.84,29,0,1.0183,3.44
33.23,230.0,8,28.75,1.84,29,0,1.019,3.44
33.25,230.0,8,28.75,1.84,29,0,1.0197,3.44
33.27,230.0,8,28.75,1.84,29,0,1.0204,3.44
33.3,230.0,8,28.75,1.84,29,0,1.0211,3.44
33.32,230.0,8,28.75,1.84,29,0,1.0218,3.44
